threshold_C,precision,recall,f1,accuracy,tp,fp,fn,tn
40.68,0.6263595649392194,1.0,0.7702596380802518,0.6263595649392194,979,584,0,0
41.63,0.6267605633802817,1.0,0.7705627705627706,0.6269993602047346,979,583,0,1
41.69,0.6271620755925689,1.0,0.7708661417322835,0.6276391554702495,979,582,0,2
41.86,0.6275641025641026,1.0,0.7711697518708153,0.6282789507357645,979,581,0,3
42.43,0.6279666452854393,1.0,0.7714736012608353,0.6289187460012795,979,580,0,4
42.8,0.6277278562259306,0.9989785495403473,0.7709893575088687,0.6282789507357645,978,580,1,4
43.02,0.628131021194605,0.9989785495403473,0.7712933753943217,0.6289187460012795,978,579,1,5
43.08,0.62853470437018,0.9989785495403473,0.7715976331360946,0.6295585412667947,978,578,1,6
43.22,0.6282958199356913,0.9979570990806946,0.771112865035517,0.6289187460012795,977,578,2,6
43.61,0.6287001287001287,0.9979570990806946,0.7714172917489143,0.6295585412667947,977,577,2,7
43.73,0.6291049581455248,0.9979570990806946,0.7717219589257505,0.6301983365323096,977,576,2,8
43.76,0.6295103092783505,0.9979570990806946,0.772026866851047,0.6308381317978247,977,575,2,9
43.78,0.6299161831076725,0.9979570990806946,0.7723320158102769,0.6314779270633397,977,574,2,10
43.86,0.6296774193548387,0.9969356486210419,0.7718465796757612,0.6308381317978247,976,574,3,10
43.95,0.6308985132514544,0.9969356486210419,0.772763262074426,0.6327575175943697,976,571,3,13
43.98,0.6313065976714101,0.9969356486210419,0.773069306930693,0.6333973128598848,976,570,3,14
43.99,0.6310679611650486,0.9959141981613892,0.7725832012678289,0.6327575175943699,975,570,4,14
44.06,0.6314766839378239,0.9959141981613892,0.7728894173602855,0.6333973128598849,975,569,4,15
44.15,0.6318859364873622,0.9959141981613892,0.7731958762886597,0.6340371081253998,975,568,4,16
44.16,0.6324675324675325,0.9948927477017364,0.7733227471218738,0.634676903390915,974,566,5,18
44.18,0.6328784925276153,0.9948927477017364,0.7736298649722002,0.6353166986564299,974,565,5,19
44.24,0.6332899869960988,0.9948927477017364,0.7739372268573699,0.635956493921945,974,564,5,20
44.31,0.6337020169160703,0.9948927477017364,0.7742448330683624,0.6365962891874601,974,563,5,21
44.36,0.6341145833333334,0.9948927477017364,0.7745526838966202,0.6372360844529751,974,562,5,22
44.43,0.634527687296417,0.9948927477017364,0.7748607796340492,0.6378758797184901,974,561,5,23
44.46,0.6353555120678408,0.9948927477017364,0.7754777070063693,0.6391554702495201,974,559,5,25
44.49,0.6357702349869452,0.9948927477017364,0.7757865392273995,0.6397952655150352,974,558,5,26
44.51,0.6366013071895424,0.9948927477017364,0.7764049422080509,0.6410748560460652,974,556,5,28
44.52,0.637434554973822,0.9948927477017364,0.7770243318707617,0.6423544465770953,974,554,5,30
44.56,0.6376146788990825,0.9938712972420838,0.7768463073852295,0.6423544465770953,973,553,6,31
44.57,0.6380327868852459,0.9938712972420838,0.7771565495207668,0.6429942418426103,973,552,6,32
44.6,0.6384514435695539,0.9938712972420838,0.777467039552537,0.6436340371081255,973,551,6,33
44.62,0.63887065003283,0.9938712972420838,0.7777777777777777,0.6442738323736404,973,550,6,34
44.66,0.6392904073587385,0.9938712972420838,0.7780887644942023,0.6449136276391555,973,549,6,35
44.71,0.6390532544378699,0.992849846782431,0.7776,0.6442738323736406,972,549,7,35
44.77,0.6394736842105263,0.992849846782431,0.7779111644657862,0.6449136276391555,972,548,7,36
44.87,0.6398946675444371,0.992849846782431,0.77822257806245,0.6455534229046705,972,547,7,37
44.89,0.6403162055335968,0.992849846782431,0.7785342410893071,0.6461932181701855,972,546,7,38
44.9,0.6407382992748847,0.992849846782431,0.778846153846154,0.6468330134357007,972,545,7,39
44.94,0.6405013192612137,0.9918283963227783,0.7783567134268536,0.6461932181701855,971,545,8,39
44.97,0.640924092409241,0.9918283963227783,0.7786688051323175,0.6468330134357007,971,544,8,40
44.99,0.6413474240422721,0.9918283963227783,0.7789811472121941,0.6474728087012155,971,543,8,41
45.18,0.6408730158730159,0.9897854954034729,0.7780008028904055,0.6461932181701856,969,543,10,41
45.21,0.6412971542025149,0.9897854954034729,0.7783132530120481,0.6468330134357005,969,542,10,42
45.22,0.6417218543046358,0.9897854954034729,0.7786259541984734,0.6474728087012157,969,541,10,43
45.26,0.6421471172962226,0.9897854954034729,0.7789389067524116,0.6481126039667306,969,540,10,44
45.27,0.6425729442970822,0.9897854954034729,0.7792521109770809,0.6487523992322457,969,539,10,45
45.3,0.6429993364299934,0.9897854954034729,0.7795655671761866,0.6493921944977608,969,538,10,46
45.34,0.6434262948207171,0.9897854954034729,0.7798792756539235,0.6500319897632757,969,537,10,47
45.37,0.6438538205980067,0.9897854954034729,0.7801932367149758,0.6506717850287908,969,536,10,48
45.38,0.6433799068529608,0.9877425944841676,0.7792103142626915,0.6493921944977608,967,536,12,48
45.41,0.6431424766977364,0.9867211440245148,0.7787182587666264,0.6487523992322457,966,536,13,48
45.45,0.64290473017988,0.9856996935648621,0.7782258064516129,0.6481126039667305,965,536,14,48
45.48,0.6433333333333333,0.9856996935648621,0.7785397337636143,0.6487523992322457,965,535,14,49
45.5,0.644192256341789,0.9856996935648621,0.7791683488090432,0.6500319897632757,965,533,14,51
45.53,0.6439545758183033,0.9846782431052093,0.778675282714055,0.6493921944977608,964,533,15,51
45.55,0.6441471571906354,0.9836567926455567,0.778496362166532,0.6493921944977608,963,532,16,52
45.57,0.643908969210174,0.982635342185904,0.7780024262029923,0.6487523992322457,962,532,17,52
45.58,0.6443402545210984,0.982635342185904,0.7783171521035599,0.6493921944977608,962,531,17,53
45.59,0.6447721179624665,0.982635342185904,0.7786321327397815,0.6500319897632757,962,530,17,54
45.61,0.6456375838926175,0.982635342185904,0.7792628594572701,0.6513115802943059,962,528,17,56
45.66,0.6458333333333334,0.9816138917262512,0.7790839075800567,0.6513115802943059,961,527,18,57
45.67,0.6462676529926026,0.9816138917262512,0.7793998377939982,0.6519513755598209,961,526,18,58
45.71,0.6471380471380471,0.9816138917262512,0.7800324675324676,0.653230966090851,961,524,18,60
45.72,0.6469002695417789,0.9805924412665986,0.7795371498172958,0.6525911708253358,960,524,19,60
45.73,0.6464237516869096,0.9785495403472931,0.7785453067858593,0.6513115802943058,958,524,21,60
45.77,0.6468602295746118,0.9785495403472931,0.7788617886178862,0.6519513755598209,958,523,21,61
45.79,0.6472972972972973,0.9785495403472931,0.7791785278568524,0.652591170825336,958,522,21,62
45.83,0.6474966170500677,0.9775280898876404,0.7789987789987789,0.6525911708253359,957,521,22,63
45.86,0.6479350033852403,0.9775280898876404,0.7793159609120521,0.653230966090851,957,520,22,64
45.89,0.6483739837398373,0.9775280898876404,0.7796334012219958,0.6538707613563659,957,519,22,65
45.9,0.6488135593220339,0.9775280898876404,0.7799511002444988,0.654510556621881,957,518,22,66
45.91,0.6492537313432836,0.9775280898876404,0.780269058295964,0.655150351887396,957,517,22,67
45.92,0.6496945010183299,0.9775280898876404,0.7805872756933115,0.6557901471529111,957,516,22,68
45.95,0.6501358695652174,0.9775280898876404,0.780905752753978,0.6564299424184261,957,515,22,69
45.97,0.6503401360544218,0.9765066394279878,0.7807268272764395,0.6564299424184261,956,514,23,70
46.09,0.6501021102791015,0.975485188968335,0.7802287581699346,0.6557901471529111,955,514,24,70
46.1,0.6498637602179836,0.9744637385086823,0.7797302819779323,0.655150351887396,954,514,25,70
46.12,0.6503067484662577,0.9744637385086823,0.7800490596892887,0.6557901471529111,954,513,25,71
46.14,0.6505119453924915,0.9734422880490297,0.7798690671031097,0.6557901471529111,953,512,26,72
46.15,0.6509562841530054,0.9734422880490297,0.7801882930822759,0.6564299424184261,953,511,26,73
46.19,0.6514012303485988,0.9734422880490297,0.7805077805077805,0.6570697376839412,953,510,26,74
46.2,0.6522929500342232,0.9734422880490297,0.7811475409836065,0.6583493282149712,953,508,26,76
46.21,0.6527397260273973,0.9734422880490297,0.7814678146781467,0.6589891234804862,953,507,26,77
46.22,0.6540837336993823,0.9734422880490297,0.7824302134646962,0.6609085092770314,953,504,26,80
46.23,0.654532967032967,0.9734422880490297,0.7827515400410677,0.6615483045425464,953,503,26,81
46.24,0.6545079146593256,0.9713993871297242,0.7820723684210527,0.6609085092770314,951,502,28,82
46.25,0.6549586776859504,0.9713993871297242,0.7823940765117235,0.6615483045425464,951,501,28,83
46.28,0.6547208821502413,0.9703779366700716,0.7818930041152264,0.6609085092770315,950,501,29,83
46.29,0.6544827586206896,0.9693564862104188,0.7813915191436804,0.6602687140115163,949,501,30,83
46.32,0.6544574982722875,0.9673135852911133,0.7807089859851607,0.6596289187460013,947,500,32,84
46.33,0.6549100968188105,0.9673135852911133,0.7810309278350516,0.6602687140115163,947,499,32,85
46.35,0.6544321329639889,0.965270684371808,0.7800247626908791,0.6589891234804862,945,499,34,85
46.36,0.6553398058252428,0.965270684371808,0.7806691449814128,0.6602687140115163,945,497,34,87
46.38,0.6551006245662734,0.9642492339121552,0.7801652892561984,0.6596289187460013,944,497,35,87
46.39,0.655316191799861,0.9632277834525026,0.7799834574028122,0.6596289187460013,943,496,36,88
46.41,0.6555323590814196,0.9622063329928499,0.7798013245033112,0.6596289187460013,942,495,37,89
46.42,0.6552924791086351,0.9611848825331971,0.779296066252588,0.6589891234804862,941,495,38,89
46.46,0.6548117154811716,0.9591419816138917,0.778284293410692,0.6577095329494562,939,495,40,89
46.47,0.6552686671318911,0.9591419816138917,0.7786069651741294,0.6583493282149712,939,494,40,90
46.48,0.6552447552447552,0.9570990806945863,0.7779161477791615,0.6577095329494562,937,493,42,91
46.53,0.655703289013296,0.9570990806945863,0.7782392026578072,0.6583493282149712,937,492,42,92
46.55,0.6554621848739496,0.9560776302349336,0.777731616119651,0.6577095329494562,936,492,43,92
46.57,0.6552207428170989,0.9550561797752809,0.7772236076475478,0.6570697376839412,935,492,44,92
46.58,0.656140350877193,0.9550561797752809,0.7778702163061564,0.6583493282149712,935,490,44,94
46.59,0.6566011235955056,0.9550561797752809,0.77819392426134,0.6589891234804862,935,489,44,95
46.6,0.657062543921293,0.9550561797752809,0.7785179017485429,0.6596289187460013,935,488,44,96
46.61,0.6589147286821705,0.9550561797752809,0.7798165137614679,0.6621880998080614,935,484,44,100
46.62,0.6586741889985895,0.9540347293156282,0.7793074676679183,0.6615483045425464,934,484,45,100
46.65,0.6579505300353357,0.95097037793667,0.7777777777777777,0.6596289187460013,931,484,48,100
46.68,0.6584158415841584,0.95097037793667,0.7781027998328459,0.6602687140115163,931,483,48,101
46.71,0.6586402266288952,0.9499489274770173,0.7779171894604767,0.6602687140115163,930,482,49,102
46.72,0.6591070163004961,0.9499489274770173,0.7782426778242677,0.6609085092770314,930,481,49,103
46.73,0.6595744680851063,0.9499489274770173,0.7785684386772708,0.6615483045425464,930,480,49,104
46.74,0.6598011363636364,0.9489274770173647,0.7783829074151655,0.6615483045425464,929,479,50,105
46.79,0.660270078180526,0.9489274770173647,0.7787091366303436,0.6621880998080614,929,478,50,106
46.83,0.6607396870554765,0.9489274770173647,0.7790356394129979,0.6628278950735764,929,477,50,107
46.84,0.6609686609686609,0.947906026557712,0.7788501888375997,0.6628278950735764,928,476,51,108
46.86,0.6614397719173201,0.947906026557712,0.7791771620486986,0.6634676903390915,928,475,51,109
46.88,0.6626161543959972,0.9468845760980592,0.7796467619848612,0.6647472808701216,927,472,52,112
46.9,0.6623748211731044,0.9458631256384066,0.7791333613798906,0.6641074856046065,926,472,53,112
46.92,0.6621331424481031,0.9448416751787538,0.7786195286195285,0.6634676903390915,925,472,54,112
46.93,0.6626074498567335,0.9448416751787538,0.7789473684210526,0.6641074856046065,925,471,54,113
46.94,0.6623655913978495,0.9438202247191011,0.7784330244313397,0.6634676903390915,924,471,55,113
46.96,0.6628407460545194,0.9438202247191011,0.7787610619469028,0.6641074856046065,924,470,55,114
46.97,0.6625987078248384,0.9427987742594485,0.7782462057335582,0.6634676903390915,923,470,56,114
46.98,0.6635514018691588,0.9427987742594485,0.7789029535864979,0.6647472808701216,923,468,56,116
46.99,0.6630669546436285,0.940755873340143,0.7778716216216216,0.6634676903390915,921,468,58,116
47.01,0.6633020908435472,0.9397344228804902,0.7776838546069315,0.6634676903390915,920,467,59,117
47.02,0.663059163059163,0.9387129724208376,0.7771670190274842,0.6628278950735764,919,467,60,117
47.04,0.6640173410404624,0.9387129724208376,0.777824798984342,0.6641074856046065,919,465,60,119
47.05,0.6642547033285094,0.9376915219611849,0.7776365946632783,0.6641074856046065,918,464,61,120
47.06,0.6644927536231884,0.9366700715015321,0.7774480712166171,0.6641074856046065,917,463,62,121
47.09,0.6659404502541757,0.9366700715015321,0.7784380305602716,0.6660268714011516,917,460,62,124
47.12,0.6664244186046512,0.9366700715015321,0.7787685774946922,0.6666666666666666,917,459,62,125
47.15,0.6661818181818182,0.9356486210418795,0.778249787595582,0.6660268714011516,916,459,63,125
47.16,0.6664238892935178,0.9346271705822268,0.7780612244897959,0.6660268714011516,915,458,64,126
47.18,0.6666666666666666,0.933605720122574,0.777872340425532,0.6660268714011516,914,457,65,127
47.19,0.6669101533966398,0.9325842696629213,0.7776831345826235,0.6660268714011516,913,456,66,128
47.21,0.6666666666666666,0.9315628192032687,0.7771623348956114,0.6653870761356366,912,456,67,128
47.23,0.6664228237015362,0.9305413687436159,0.7766410912190963,0.6647472808701216,911,456,68,128
47.24,0.6669106881405563,0.9305413687436159,0.7769722814498935,0.6653870761356366,911,455,68,129
47.25,0.6661775495231108,0.9274770173646578,0.7754056362083689,0.6634676903390915,908,455,71,129
47.26,0.6659324522760646,0.9264555669050051,0.7748825288338316,0.6628278950735764,907,455,72,129
47.28,0.6664217487141807,0.9264555669050051,0.7752136752136752,0.6634676903390915,907,454,72,130
47.29,0.6669117647058823,0.9264555669050051,0.7755451047456178,0.6641074856046065,907,453,72,131
47.33,0.6666666666666666,0.9254341164453525,0.7750213857998289,0.6634676903390915,906,453,73,131
47.35,0.665929203539823,0.9223697650663942,0.7734475374732334,0.6615483045425464,903,453,76,131
47.37,0.666420664206642,0.9223697650663942,0.7737789203084833,0.6621880998080614,903,452,76,132
47.38,0.6666666666666666,0.9213483146067416,0.7735849056603773,0.6621880998080614,902,451,77,133
47.4,0.6664201183431953,0.9203268641470889,0.773058773058773,0.6615483045425464,901,451,78,133
47.41,0.6669133974833457,0.9203268641470889,0.7733905579399142,0.6621880998080614,901,450,78,134
47.42,0.6666666666666666,0.9193054136874361,0.77286389008158,0.6615483045425464,900,450,79,134
47.43,0.6671608598962194,0.9193054136874361,0.7731958762886598,0.6621880998080614,900,449,79,135
47.45,0.6686478454680534,0.9193054136874361,0.7741935483870968,0.6641074856046065,900,446,79,138
47.46,0.6691449814126395,0.9193054136874361,0.774526678141136,0.6647472808701216,900,445,79,139
47.47,0.6696428571428571,0.9193054136874361,0.7748600947051227,0.6653870761356366,900,444,79,140
47.48,0.6711409395973155,0.9193054136874361,0.7758620689655172,0.6673064619321817,900,441,79,143
47.49,0.6716417910447762,0.9193054136874361,0.7761966364812419,0.6679462571976967,900,440,79,144
47.55,0.671898355754858,0.9182839632277835,0.7760034527406129,0.6679462571976967,899,439,80,145
47.56,0.6724008975317876,0.9182839632277835,0.7763385146804835,0.6685860524632118,899,438,80,146
47.57,0.6721556886227545,0.9172625127681308,0.7758099352051837,0.6679462571976967,898,438,81,146
47.58,0.6726591760299625,0.9172625127681308,0.7761452031114953,0.6685860524632118,898,437,81,147
47.59,0.6724137931034483,0.916241062308478,0.7756160830090792,0.6679462571976967,897,437,82,147
47.6,0.6726726726726727,0.9152196118488254,0.7754218952834272,0.6679462571976967,896,436,83,148
47.65,0.673438675696012,0.9141981613891726,0.7755632582322358,0.6685860524632118,895,434,84,150
47.66,0.6739457831325302,0.9141981613891726,0.7758994364976161,0.6692258477287268,895,433,84,151
47.7,0.6737000753579503,0.9131767109295199,0.7753686036426712,0.6685860524632118,894,433,85,151
47.72,0.6729607250755287,0.9101123595505618,0.7737733391228832,0.6666666666666666,891,433,88,151
47.73,0.6732223903177005,0.9090909090909091,0.7735767057800956,0.6666666666666666,890,432,89,152
47.74,0.6729750189250567,0.9080694586312564,0.7730434782608696,0.6660268714011516,889,432,90,152
47.75,0.6734848484848485,0.9080694586312564,0.7733797303175294,0.6666666666666666,889,431,90,153
47.76,0.6739954510993177,0.9080694586312564,0.7737162750217581,0.6673064619321817,889,430,90,154
47.77,0.6745068285280729,0.9080694586312564,0.7740531127557685,0.6679462571976967,889,429,90,155
47.8,0.6742596810933941,0.9070480081716037,0.7735191637630662,0.6673064619321817,888,429,91,155
47.81,0.6747720364741642,0.9070480081716037,0.7738562091503268,0.6679462571976967,888,428,91,156
47.83,0.6752851711026616,0.9070480081716037,0.7741935483870968,0.6685860524632118,888,427,91,157
47.84,0.6757990867579908,0.9070480081716037,0.7745311818578281,0.6692258477287268,888,426,91,158
47.87,0.6755521706016756,0.906026557711951,0.7739965095986038,0.6685860524632118,887,426,92,158
47.88,0.6753048780487805,0.9050051072522982,0.7734613705805325,0.6679462571976967,886,426,93,158
47.89,0.6758199847444699,0.9050051072522982,0.7737991266375546,0.6685860524632118,886,425,93,159
47.9,0.6753246753246753,0.9029622063329928,0.7727272727272727,0.6673064619321817,884,425,95,159
47.92,0.6750764525993884,0.9019407558733401,0.7721906427634455,0.6666666666666666,883,425,96,159
47.94,0.6761102603369066,0.9019407558733401,0.7728665207877461,0.6679462571976967,883,423,96,161
47.96,0.6763803680981595,0.9009193054136875,0.7726675427069645,0.6679462571976967,882,422,97,162
47.97,0.6774441878367975,0.898876404494382,0.7726075504828797,0.6685860524632118,880,419,99,165
47.98,0.6779661016949152,0.898876404494382,0.7729468599033816,0.6692258477287268,880,418,99,166
48.0,0.6777178103315343,0.8978549540347294,0.7724077328646749,0.6685860524632118,879,418,100,166
48.02,0.6782675947409126,0.8958120531154239,0.7720070422535212,0.6685860524632118,877,416,102,168
48.04,0.6793183578621224,0.8958120531154239,0.7726872246696034,0.6698656429942419,877,414,102,170
48.07,0.6798449612403101,0.8958120531154239,0.7730277655354783,0.6705054382597568,877,413,102,171
48.11,0.6795965865011637,0.8947906026557712,0.7724867724867726,0.6698656429942419,876,413,103,171
48.13,0.679098679098679,0.8927477017364658,0.7714033539276258,0.6685860524632118,874,413,105,171
48.14,0.6788491446345256,0.891726251276813,0.7708609271523179,0.6679462571976967,873,413,106,171
48.15,0.6785992217898833,0.8907048008171604,0.7703180212014135,0.6673064619321817,872,413,107,171
48.2,0.6783489096573209,0.8896833503575077,0.7697746354396819,0.6666666666666666,871,413,108,171
48.21,0.6788776305533905,0.8896833503575077,0.7701149425287357,0.6673064619321817,871,412,108,172
48.22,0.6794071762870515,0.8896833503575077,0.7704555506413092,0.6679462571976967,871,411,108,173
48.23,0.6799375487900078,0.8896833503575077,0.7707964601769911,0.6685860524632118,871,410,108,174
48.24,0.68046875,0.8896833503575077,0.7711376715360779,0.6692258477287268,871,409,108,175
48.25,0.6802189210320563,0.8886618998978549,0.7705934455270149,0.6685860524632118,870,409,109,175
48.26,0.6799687010954617,0.8876404494382022,0.7700487372618521,0.6679462571976967,869,409,110,175
48.27,0.6805011746280345,0.8876404494382022,0.7703900709219859,0.6685860524632118,869,408,110,176
48.29,0.6802507836990596,0.8866189989785496,0.7698447893569845,0.6679462571976967,868,408,111,176
48.31,0.68,0.8855975485188968,0.769299023957409,0.6673064619321817,867,408,112,176
48.33,0.6797488226059655,0.8845760980592441,0.7687527740790058,0.6666666666666666,866,408,113,176
48.35,0.6794972505891594,0.8835546475995915,0.7682060390763766,0.6660268714011516,865,408,114,176
48.36,0.6805664830841857,0.8835546475995915,0.7688888888888887,0.6673064619321817,865,406,114,178
48.37,0.6811023622047244,0.8835546475995915,0.7692307692307693,0.6679462571976967,865,405,114,179
48.38,0.681639085894405,0.8835546475995915,0.7695729537366548,0.6685860524632118,865,404,114,180
48.39,0.6813880126182965,0.8825331971399387,0.7690253671562083,0.6679462571976967,864,404,115,180
48.4,0.6811708860759493,0.8794688457609806,0.7677218011591619,0.6666666666666666,861,403,118,181
48.41,0.6809184481393508,0.8784473953013279,0.767172167707404,0.6660268714011516,860,403,119,181
48.42,0.6812053925455988,0.8774259448416751,0.7669642857142858,0.6660268714011516,859,402,120,182
48.43,0.6820349761526232,0.8764044943820225,0.7670987930263746,0.6666666666666666,858,400,121,184
48.44,0.6823248407643312,0.8753830439223698,0.766890380313199,0.6666666666666666,857,399,122,185
48.45,0.6820717131474103,0.874361593462717,0.7663384064458372,0.6660268714011516,856,399,123,185
48.46,0.682615629984051,0.874361593462717,0.7666815942678011,0.6666666666666666,856,398,123,186
48.47,0.6831604150039904,0.874361593462717,0.7670250896057348,0.6673064619321817,856,397,123,187
48.48,0.6829073482428115,0.8733401430030644,0.7664724338861498,0.6666666666666666,855,397,124,187
48.49,0.6824,0.8712972420837589,0.7653656348138179,0.6653870761356366,853,397,126,187
48.5,0.6826923076923077,0.8702757916241062,0.7651549169286034,0.6653870761356366,852,396,127,188
48.52,0.6824378508420208,0.8692543411644535,0.7646001796945192,0.6647472808701216,851,396,128,188
48.53,0.6821829855537721,0.8682328907048008,0.7640449438202247,0.6641074856046065,850,396,129,188
48.54,0.682475884244373,0.8672114402451481,0.7638326585695007,0.6641074856046065,849,395,130,189
48.55,0.6817082997582594,0.86414708886619,0.762162162162162,0.6621880998080614,846,395,133,189
48.56,0.6814516129032258,0.8631256384065373,0.761604326273096,0.6615483045425464,845,395,134,189
48.57,0.6817447495961227,0.8621041879468846,0.7613892647722147,0.6615483045425464,844,394,135,190
48.58,0.6809716599190283,0.8590398365679265,0.7597109304426377,0.6596289187460013,841,394,138,190
48.59,0.6801948051948052,0.8559754851889684,0.7580280416101312,0.6577095329494562,838,394,141,190
48.6,0.6799350121852152,0.8549540347293156,0.7574660633484163,0.6570697376839412,837,394,142,190
48.61,0.6797066014669927,0.8518896833503575,0.7561196736174072,0.6557901471529111,834,393,145,191
48.62,0.6794453507340946,0.8508682328907048,0.7555555555555555,0.655150351887396,833,393,146,191
48.63,0.6797385620915033,0.849846782431052,0.7553336359509759,0.655150351887396,832,392,147,192
48.65,0.6802943581357318,0.849846782431052,0.7556766575840145,0.6557901471529111,832,391,147,193
48.66,0.6805896805896806,0.8488253319713994,0.7554545454545456,0.6557901471529111,831,390,148,194
48.67,0.6811475409836065,0.8488253319713994,0.7557980900409277,0.6564299424184261,831,389,148,195
48.69,0.6814449917898193,0.8478038815117467,0.7555757851615839,0.6564299424184261,830,388,149,196
48.73,0.6820049301561216,0.8478038815117467,0.75591985428051,0.6570697376839412,830,387,149,197
48.74,0.6820428336079077,0.8457609805924413,0.7551299589603283,0.6564299424184261,828,386,151,198
48.75,0.6815181518151815,0.8437180796731358,0.7539936102236421,0.655150351887396,826,386,153,198
48.77,0.6809917355371901,0.8416751787538305,0.752855185015989,0.653870761356366,824,386,155,198
48.78,0.6812913907284768,0.8406537282941777,0.7526291723822587,0.6538707613563659,823,385,156,199
48.79,0.6824212271973465,0.8406537282941777,0.7533180778032036,0.655150351887396,823,383,156,201
48.8,0.6821576763485477,0.839632277834525,0.7527472527472528,0.654510556621881,822,383,157,201
48.81,0.6827643630308077,0.8375893769152196,0.7522935779816514,0.654510556621881,820,381,159,203
48.83,0.6833333333333333,0.8375893769152196,0.752638825149151,0.655150351887396,820,380,159,204
48.84,0.6844741235392321,0.8375893769152196,0.7533302710151585,0.6564299424184261,820,378,159,206
48.85,0.6839464882943144,0.8355464759959143,0.752183908045977,0.655150351887396,818,378,161,206
48.88,0.6834170854271356,0.8335035750766088,0.7510354348826506,0.653870761356366,816,378,163,206
48.89,0.6840336134453782,0.8314606741573034,0.7505763024435224,0.653870761356366,814,376,165,208
48.9,0.6835016835016835,0.8294177732379979,0.7494231656668205,0.6525911708253359,812,376,167,208
48.91,0.6838111298482293,0.8283963227783453,0.7491916859122403,0.6525911708253359,811,375,168,209
48.93,0.6835443037974683,0.8273748723186926,0.7486136783733826,0.6519513755598209,810,375,169,209
48.95,0.6841216216216216,0.8273748723186926,0.7489597780859917,0.6525911708253359,810,374,169,210
48.97,0.6844331641285956,0.8263534218590398,0.7487274409995373,0.6525911708253359,809,373,170,211
48.98,0.6847457627118644,0.8253319713993871,0.7484946734599351,0.6525911708253359,808,372,171,212
48.99,0.6844783715012722,0.8243105209397344,0.747914735866543,0.6519513755598209,807,372,172,212
49.0,0.6848381601362862,0.8212461695607763,0.7468648397584766,0.6513115802943058,804,370,175,214
49.01,0.6854219948849105,0.8212461695607763,0.7472118959107809,0.6519513755598209,804,369,175,215
49.04,0.6851535836177475,0.8202247191011236,0.7466294746629475,0.6513115802943058,803,369,176,215
49.05,0.6848847139197267,0.8192032686414709,0.7460465116279069,0.6506717850287908,802,369,177,215
49.06,0.6855184233076264,0.8171603677221655,0.7455731593662628,0.6506717850287908,800,367,179,217
49.07,0.6861063464837049,0.8171603677221655,0.745920745920746,0.6513115802943058,800,366,179,218
49.08,0.6858369098712447,0.8161389172625128,0.7453358208955224,0.6506717850287908,799,366,180,218
49.1,0.6861564918314703,0.81511746680286,0.7450980392156862,0.6506717850287908,798,365,181,219
49.11,0.6867469879518072,0.81511746680286,0.7454460532461467,0.6513115802943058,798,364,181,220
49.14,0.6885245901639344,0.81511746680286,0.7464920486435921,0.653230966090851,798,361,181,223
49.15,0.6888504753673294,0.8140960163432074,0.7462546816479401,0.653230966090851,797,360,182,224
49.17,0.6883116883116883,0.8120531154239019,0.7450796626054357,0.6519513755598209,795,360,184,224
49.18,0.6880415944540728,0.8110316649642493,0.7444913267698078,0.6513115802943058,794,360,185,224
49.2,0.6886383347788378,0.8110316649642493,0.7448405253283303,0.6519513755598209,794,359,185,225
49.21,0.6883680555555556,0.8100102145045965,0.7442515251055841,0.6513115802943058,793,359,186,225
49.22,0.6889661164205039,0.8100102145045965,0.7446009389671361,0.6519513755598209,793,358,186,226
49.23,0.6901653611836379,0.8100102145045965,0.7453007518796992,0.653230966090851,793,356,186,228
49.25,0.6910994764397905,0.8089887640449438,0.7454117647058823,0.653870761356366,792,354,187,230
49.26,0.6908296943231441,0.8079673135852911,0.7448210922787194,0.653230966090851,791,354,188,230
49.27,0.6914335664335665,0.8079673135852911,0.7451719265190769,0.653870761356366,791,353,188,231
49.3,0.6911636045494314,0.8069458631256384,0.7445805843543828,0.653230966090851,790,353,189,231
49.31,0.691768826619965,0.8069458631256384,0.744931636020745,0.653870761356366,790,352,189,232
49.32,0.6929824561403509,0.8069458631256384,0.7456347333647948,0.655150351887396,790,350,189,234
49.33,0.6935908691834943,0.8069458631256384,0.7459867799811143,0.6557901471529111,790,349,189,235
49.34,0.6948109058927001,0.8069458631256384,0.7466918714555766,0.6570697376839412,790,347,189,237
49.35,0.6951541850220264,0.8059244126659857,0.7464522232734153,0.6570697376839412,789,346,190,238
49.37,0.6948853615520282,0.804902962206333,0.7458589682915286,0.6564299424184261,788,346,191,238
49.38,0.6954986760812003,0.804902962206333,0.7462121212121212,0.6570697376839412,788,345,191,239
49.39,0.6952296819787986,0.8038815117466803,0.7456181904310755,0.6564299424184261,787,345,192,239
49.4,0.695575221238938,0.8028600612870276,0.7453769559032717,0.6564299424184261,786,344,193,240
49.41,0.6965394853593612,0.8018386108273748,0.7454890788224121,0.6570697376839412,785,342,194,242
49.44,0.6962699822380106,0.8008171603677222,0.7448931116389549,0.6564299424184261,784,342,195,242
49.45,0.6966192170818505,0.7997957099080695,0.7446504992867331,0.6564299424184261,783,341,196,243
49.46,0.6963490650044524,0.7987742594484167,0.7440532825880115,0.6557901471529111,782,341,197,243
49.48,0.696969696969697,0.7987742594484167,0.7444074250356973,0.6564299424184261,782,340,197,244
49.49,0.6975914362176628,0.7987742594484167,0.7447619047619048,0.6570697376839412,782,339,197,245
49.52,0.6988382484361036,0.7987742594484167,0.7454718779790276,0.6583493282149712,782,337,197,247
49.53,0.6986547085201794,0.7957099080694586,0.7440305635148042,0.6570697376839412,779,336,200,248
49.54,0.699281867145422,0.7957099080694586,0.7443860487338749,0.6577095329494562,779,335,200,249
49.55,0.6999101527403414,0.7957099080694586,0.7447418738049714,0.6583493282149712,779,334,200,250
49.56,0.7011701170117012,0.7957099080694586,0.7454545454545455,0.6596289187460013,779,332,200,252
49.59,0.7018018018018019,0.7957099080694586,0.7458113930110101,0.6602687140115163,779,331,200,253
49.6,0.7024346257889991,0.7957099080694586,0.7461685823754789,0.6609085092770314,779,330,200,254
49.61,0.7030685920577617,0.7957099080694586,0.7465261140392908,0.6615483045425464,779,329,200,255
49.62,0.7034358047016275,0.7946884576098059,0.7462829736211032,0.6615483045425464,778,328,201,256
49.64,0.7040723981900453,0.7946884576098059,0.7466410748560461,0.6621880998080614,778,327,201,257
49.65,0.7053490480507706,0.7946884576098059,0.7473583093179635,0.6634676903390915,778,325,201,259
49.66,0.7057220708446866,0.7936670071501533,0.7471153846153846,0.6634676903390915,777,324,202,260
49.67,0.7063636363636364,0.7936670071501533,0.7474747474747476,0.6641074856046065,777,323,202,261
49.68,0.7067395264116576,0.7926455566905005,0.7472315840154068,0.6641074856046065,776,322,203,262
49.7,0.7062043795620438,0.7906026557711952,0.7460240963855421,0.6628278950735764,774,322,205,262
49.71,0.706581352833638,0.7895812053115424,0.7457790641582249,0.6628278950735764,773,321,206,263
49.73,0.707227813357731,0.7895812053115424,0.7461389961389961,0.6634676903390915,773,320,206,264
49.74,0.7086397058823529,0.7875383043922369,0.7460087082728593,0.6641074856046065,771,317,208,267
49.75,0.7078341013824885,0.7844739530132788,0.7441860465116278,0.6621880998080614,768,317,211,267
49.76,0.7075645756457565,0.7834525025536262,0.7435773145904023,0.6615483045425464,767,317,212,267
49.78,0.7082179132040628,0.7834525025536262,0.7439379243452958,0.6621880998080614,767,316,212,268
49.79,0.7079482439926063,0.7824310520939735,0.7433284813197477,0.6615483045425464,766,316,213,268
49.8,0.7088372093023256,0.7783452502553626,0.7419668938656282,0.6609085092770314,762,313,217,271
49.81,0.7085661080074488,0.7773237997957099,0.7413541159279103,0.6602687140115163,761,313,218,271
49.83,0.7080223880597015,0.7752808988764045,0.7401267674305217,0.6589891234804862,759,313,220,271
49.85,0.7086834733893558,0.7752808988764045,0.7404878048780488,0.6596289187460013,759,312,220,272
49.86,0.708411214953271,0.7742594484167518,0.7398731088335774,0.6589891234804862,758,312,221,272
49.87,0.7090739008419084,0.7742594484167518,0.7402343749999999,0.6596289187460013,758,311,221,273
49.88,0.7088014981273408,0.7732379979570991,0.73961895456766,0.6589891234804862,757,311,222,273
49.89,0.7101313320825516,0.7732379979570991,0.7403422982885085,0.6602687140115163,757,309,222,275
49.9,0.7107981220657277,0.7732379979570991,0.7407045009784735,0.6609085092770314,757,308,222,276
49.91,0.7102539981185324,0.7711950970377937,0.7394711067580803,0.6596289187460013,755,308,224,276
49.92,0.7109227871939736,0.7711950970377937,0.7398334149926505,0.6602687140115163,755,307,224,277
49.93,0.7115928369462771,0.7711950970377937,0.7401960784313726,0.6609085092770314,755,306,224,278
49.95,0.7122641509433962,0.7711950970377937,0.7405590975968612,0.6615483045425464,755,305,224,279
49.96,0.7119924457034938,0.7701736465781409,0.7399411187438666,0.6609085092770314,754,305,225,279
49.97,0.7114474929044465,0.7681307456588355,0.7387033398821218,0.6596289187460013,752,305,227,279
49.98,0.7127962085308057,0.7681307456588355,0.7394296951819076,0.6609085092770314,752,303,227,281
49.99,0.7125237191650854,0.7671092951991828,0.7388096409247418,0.6602687140115163,751,303,228,281
50.0,0.7132003798670465,0.7671092951991828,0.7391732283464568,0.6609085092770314,751,302,228,282
50.02,0.7136060894386299,0.7660878447395302,0.7389162561576356,0.6609085092770314,750,301,229,283
50.03,0.7134670487106017,0.763023493360572,0.7374136229022704,0.6596289187460013,747,300,232,284
50.04,0.7131931166347992,0.7620020429009193,0.7367901234567901,0.6589891234804862,746,300,233,284
50.05,0.7129186602870813,0.7609805924412666,0.7361660079051383,0.6583493282149712,745,300,234,284
50.06,0.7136015325670498,0.7609805924412666,0.7365299060800791,0.6589891234804862,745,299,234,285
50.07,0.7140115163147792,0.7599591419816139,0.7362691736763979,0.6589891234804862,744,298,235,286
50.08,0.7144230769230769,0.7589376915219612,0.7360079247152056,0.6589891234804862,743,297,236,287
50.09,0.7157996146435452,0.7589376915219612,0.7367377293009421,0.6602687140115163,743,295,236,289
50.11,0.7152509652509652,0.7568947906026557,0.7354838709677419,0.6589891234804862,741,295,238,289
50.13,0.714975845410628,0.7558733401430031,0.7348560079443893,0.6583493282149712,740,295,239,289
50.15,0.7156673114119922,0.7558733401430031,0.7352210630899156,0.6589891234804862,740,294,239,290
50.16,0.7160852713178295,0.7548518896833504,0.7349577324714074,0.6589891234804862,739,293,240,291
50.17,0.7167798254122212,0.7548518896833504,0.7353233830845771,0.6596289187460013,739,292,240,292
50.18,0.7185978578383642,0.7538304392236976,0.7357926221335992,0.6609085092770314,738,289,241,295
50.2,0.72,0.7538304392236976,0.7365269461077845,0.6621880998080614,738,287,241,297
50.21,0.720703125,0.7538304392236976,0.7368946580129805,0.6628278950735764,738,286,241,298
50.22,0.7214076246334311,0.7538304392236976,0.7372627372627373,0.6634676903390915,738,285,241,299
50.23,0.7215686274509804,0.7517875383043923,0.7363681840920461,0.6628278950735764,736,284,243,300
50.24,0.7214566929133859,0.7487231869254342,0.7348370927318296,0.6615483045425464,733,283,246,301
50.25,0.7209072978303748,0.7466802860061287,0.733567486201706,0.6602687140115163,731,283,248,301
50.26,0.7206317867719645,0.745658835546476,0.7329317269076305,0.6596289187460013,730,283,249,301
50.27,0.7213438735177866,0.745658835546476,0.7332998493219488,0.6602687140115163,730,282,249,302
50.28,0.7207920792079208,0.7436159346271706,0.7320261437908496,0.6589891234804862,728,282,251,302
50.3,0.7209533267130089,0.7415730337078652,0.7311178247734139,0.6583493282149712,726,281,253,303
50.34,0.7211155378486056,0.7395301327885597,0.7302067574382248,0.6577095329494562,724,280,255,304
50.35,0.7208374875373879,0.7385086823289071,0.7295660948536832,0.6570697376839412,723,280,256,304
50.37,0.7202797202797203,0.7364657814096016,0.7282828282828283,0.6557901471529111,721,280,258,304
50.39,0.7197197197197197,0.7344228804902962,0.7269969666329626,0.654510556621881,719,280,260,304
50.4,0.720160481444333,0.7334014300306435,0.7267206477732794,0.654510556621881,718,279,261,305
50.44,0.7198795180722891,0.7323799795709908,0.7260759493670886,0.653870761356366,717,279,262,305
50.49,0.7210473313192346,0.7313585291113381,0.7261663286004056,0.654510556621881,716,277,263,307
50.5,0.7204843592330978,0.7293156281920327,0.7248730964467004,0.653230966090851,714,277,265,307
50.53,0.7202020202020202,0.72829417773238,0.7242254951752158,0.6525911708253359,713,277,266,307
50.56,0.7193515704154002,0.7252298263534218,0.7222787385554426,0.6506717850287908,710,277,269,307
50.58,0.7197969543147208,0.7242083758937692,0.7219959266802444,0.6506717850287908,709,276,270,308
50.6,0.7192268565615463,0.7221654749744637,0.7206931702344546,0.6493921944977608,707,276,272,308
50.62,0.7196738022426096,0.7211440245148111,0.720408163265306,0.6493921944977608,706,275,273,309
50.64,0.7204081632653061,0.7211440245148111,0.7207759060745278,0.6500319897632757,706,274,273,310
50.66,0.721881390593047,0.7211440245148111,0.7215125191619826,0.6513115802943058,706,272,273,312
50.67,0.7226202661207779,0.7211440245148111,0.721881390593047,0.6519513755598209,706,271,273,313
50.68,0.7233606557377049,0.7211440245148111,0.7222506393861893,0.6525911708253359,706,270,273,314
50.69,0.7248459958932238,0.7211440245148111,0.7229902713773682,0.653870761356366,706,268,273,316
50.71,0.7255909558067831,0.7211440245148111,0.7233606557377049,0.654510556621881,706,267,273,317
50.72,0.7260556127703398,0.7201225740551583,0.7230769230769231,0.654510556621881,705,266,274,318
50.73,0.7257731958762886,0.7191011235955056,0.7224217547460235,0.653870761356366,704,266,275,318
50.75,0.7265221878224974,0.7191011235955056,0.7227926078028748,0.654510556621881,704,265,275,319
50.76,0.7262396694214877,0.7180796731358529,0.7221366204417052,0.653870761356366,703,265,276,319
50.78,0.7259565667011375,0.7170582226762002,0.7214799588900308,0.653230966090851,702,265,277,319
50.79,0.7264248704663212,0.7160367722165475,0.7211934156378601,0.653230966090851,701,264,278,320
50.81,0.7266112266112266,0.7139938712972421,0.7202472952086554,0.6525911708253359,699,263,280,321
50.82,0.7270833333333333,0.7129724208375894,0.7199587416193913,0.6525911708253359,698,262,281,322
50.83,0.7275574112734864,0.7119509703779366,0.7196695921528137,0.6525911708253359,697,261,282,323
50.84,0.7280334728033473,0.710929519918284,0.7193798449612404,0.6525911708253359,696,260,283,324
50.85,0.7295597484276729,0.710929519918284,0.7201241593378168,0.653870761356366,696,258,283,326
50.86,0.7308096740273397,0.7099080694586313,0.7202072538860104,0.654510556621881,695,256,284,328
50.87,0.7323498419388831,0.7099080694586313,0.720954356846473,0.6557901471529111,695,254,284,330
50.88,0.7320675105485233,0.7088866189989785,0.7202906071613908,0.655150351887396,694,254,285,330
50.89,0.7317845828933475,0.7078651685393258,0.719626168224299,0.654510556621881,693,254,286,330
50.92,0.7315010570824524,0.7068437180796732,0.7189610389610391,0.6538707613563659,692,254,287,330
50.94,0.7312169312169312,0.7058222676200204,0.7182952182952183,0.653230966090851,691,254,288,330
50.98,0.7314225053078556,0.7037793667007151,0.7173347214992191,0.6525911708253358,689,253,290,331
50.99,0.7321997874601488,0.7037793667007151,0.7177083333333334,0.653230966090851,689,252,290,332
51.0,0.7319148936170212,0.7027579162410623,0.717040125065138,0.6525911708253359,688,252,291,332
51.02,0.7326943556975506,0.7027579162410623,0.7174139728884255,0.653230966090851,688,251,291,333
51.03,0.732620320855615,0.6996935648621042,0.7157784743991641,0.6519513755598209,685,250,294,334
51.05,0.7320471596998929,0.6976506639427987,0.7144351464435146,0.6506717850287909,683,250,296,334
51.06,0.7325456498388829,0.6966292134831461,0.7141361256544503,0.6506717850287908,682,249,297,335
51.07,0.734341252699784,0.6945863125638406,0.7139107611548555,0.6513115802943058,680,246,299,338
51.08,0.7348484848484849,0.693564862104188,0.7136100893326327,0.6513115802943058,679,245,300,339
51.1,0.7336956521739131,0.6894790602655771,0.7109004739336494,0.6487523992322457,675,245,304,339
51.11,0.73449401523395,0.6894790602655771,0.7112750263435194,0.6493921944977608,675,244,304,340
51.12,0.7339149400218102,0.6874361593462717,0.709915611814346,0.6481126039667306,673,244,306,340
51.13,0.7338444687842278,0.6843718079673136,0.7082452431289641,0.6468330134357005,670,243,309,341
51.14,0.7370737073707371,0.6843718079673136,0.7097457627118644,0.6493921944977608,670,239,309,345
51.15,0.7386990077177509,0.6843718079673136,0.7104984093319194,0.6506717850287908,670,237,309,347
51.16,0.7403314917127072,0.6843718079673136,0.7112526539278131,0.6519513755598209,670,235,309,349
51.17,0.7416851441241685,0.6833503575076609,0.7113237639553429,0.6525911708253359,669,233,310,351
51.18,0.7433333333333333,0.6833503575076609,0.7120808940926024,0.653870761356366,669,231,310,353
51.2,0.743047830923248,0.6823289070480082,0.7113951011714591,0.6532309660908509,668,231,311,353
51.21,0.7444196428571429,0.6813074565883555,0.7114666666666667,0.653870761356366,667,229,312,355
51.22,0.743847874720358,0.6792645556690501,0.7100907634810465,0.6525911708253359,665,229,314,355
51.23,0.7435610302351624,0.6782431052093973,0.7094017094017093,0.6519513755598209,664,229,315,355
51.24,0.7432735426008968,0.6772216547497446,0.7087119187600213,0.6513115802943058,663,229,316,355
51.27,0.7438202247191011,0.676200204290092,0.7084002140181915,0.6513115802943058,662,228,317,356
51.28,0.7435320584926884,0.6751787538304392,0.7077087794432548,0.6506717850287908,661,228,318,356
51.29,0.7440811724915445,0.6741573033707865,0.7073954983922829,0.6506717850287908,660,227,319,357
51.3,0.7437923250564334,0.6731358529111338,0.7067024128686327,0.6500319897632757,659,227,320,357
51.31,0.7440543601359003,0.6710929519918284,0.7056928034371643,0.6493921944977608,657,226,322,358
51.34,0.7457434733257662,0.6710929519918284,0.7064516129032258,0.6506717850287908,657,224,322,360
51.35,0.7463026166097838,0.6700715015321757,0.7061356297093647,0.6506717850287908,656,223,323,361
51.36,0.7460136674259681,0.669050051072523,0.7054388799138396,0.6500319897632757,655,223,324,361
51.38,0.7468643101482326,0.669050051072523,0.7058189655172414,0.6506717850287908,655,222,324,362
51.39,0.7465753424657534,0.6680286006128703,0.7051212938005391,0.6500319897632757,654,222,325,362
51.4,0.7474285714285714,0.6680286006128703,0.7055016181229773,0.6506717850287908,654,221,325,363
51.41,0.7468499427262314,0.6659856996935649,0.7041036717062635,0.6493921944977608,652,221,327,363
51.43,0.746268656716418,0.6639427987742594,0.7027027027027027,0.6481126039667306,650,221,329,363
51.44,0.7476958525345622,0.6629213483146067,0.7027612344342176,0.6487523992322457,649,219,330,365
51.45,0.7474048442906575,0.6618998978549541,0.7020585048754063,0.6481126039667306,648,219,331,365
51.46,0.7482678983833718,0.6618998978549541,0.702439024390244,0.6487523992322457,648,218,331,366
51.47,0.7491329479768786,0.6618998978549541,0.702819956616052,0.6493921944977608,648,217,331,367
51.48,0.7488425925925926,0.6608784473953013,0.7021161150298426,0.6487523992322457,647,217,332,367
51.49,0.7485515643105446,0.6598569969356486,0.7014115092290988,0.6481126039667306,646,217,333,367
51.52,0.7494199535962877,0.6598569969356486,0.7017925040738728,0.6487523992322457,646,216,333,368
51.53,0.7491289198606271,0.658835546475996,0.7010869565217391,0.6481126039667306,645,216,334,368
51.54,0.7488372093023256,0.6578140960163432,0.7003806416530723,0.6474728087012156,644,216,335,368
51.56,0.751458576429405,0.6578140960163432,0.701525054466231,0.6493921944977608,644,213,335,371
51.58,0.7511682242990654,0.6567926455566905,0.700817438692098,0.6487523992322457,643,213,336,371
51.59,0.7508771929824561,0.6557711950970377,0.7001090512540894,0.6481126039667306,642,213,337,371
51.6,0.7505854800936768,0.6547497446373851,0.6993998908892526,0.6474728087012156,641,213,338,371
51.61,0.7502930832356389,0.6537282941777324,0.6986899563318777,0.6468330134357005,640,213,339,371
51.63,0.7505882352941177,0.651685393258427,0.697648988518316,0.6461932181701855,638,212,341,372
51.64,0.7502944640753828,0.6506639427987743,0.6969365426695842,0.6455534229046705,637,212,342,372
51.65,0.75,0.6496424923391215,0.6962233169129721,0.6449136276391555,636,212,343,372
51.66,0.7514792899408284,0.6486210418794689,0.6962719298245615,0.6455534229046705,635,210,344,374
51.67,0.7511848341232228,0.6475995914198162,0.6955567745474492,0.6449136276391555,634,210,345,374
51.68,0.7517814726840855,0.6465781409601634,0.6952224052718287,0.6449136276391555,633,209,346,375
51.69,0.7526753864447087,0.6465781409601634,0.6956043956043956,0.6455534229046705,633,208,346,376
51.7,0.7553699284009546,0.6465781409601634,0.6967528893780957,0.6474728087012156,633,205,346,379
51.71,0.7550776583034647,0.6455566905005107,0.6960352422907489,0.6468330134357005,632,205,347,379
51.72,0.7553956834532374,0.6435137895812053,0.6949806949806949,0.6461932181701855,630,204,349,380
51.75,0.7563025210084033,0.6435137895812053,0.695364238410596,0.6468330134357005,630,203,349,381
51.76,0.7560096153846154,0.6424923391215526,0.6946438431805633,0.6461932181701855,629,203,350,381
51.78,0.7572463768115942,0.6404494382022472,0.6939679026009962,0.6461932181701855,627,201,352,383
51.79,0.7581620314389359,0.6404494382022472,0.6943521594684385,0.6468330134357005,627,200,352,384
51.8,0.7590799031476998,0.6404494382022472,0.6947368421052631,0.6474728087012156,627,199,352,385
51.83,0.7587878787878788,0.6394279877425945,0.6940133037694014,0.6468330134357005,626,199,353,385
51.88,0.7597087378640777,0.6394279877425945,0.6943982251802552,0.6474728087012156,626,198,353,386
51.89,0.7600487210718636,0.6373850868232891,0.6933333333333334,0.6468330134357005,624,197,355,387
51.9,0.7606837606837606,0.6363636363636364,0.6929922135706341,0.6468330134357005,623,196,356,388
51.91,0.7603911980440098,0.6353421859039836,0.6922648859209795,0.6461932181701855,622,196,357,388
51.93,0.7600979192166463,0.634320735444331,0.6915367483296213,0.6455534229046705,621,196,358,388
51.94,0.7610294117647058,0.634320735444331,0.6919220055710306,0.6461932181701855,621,195,358,389
51.95,0.7626076260762608,0.6332992849846782,0.6919642857142857,0.6468330134357005,620,193,359,391
51.96,0.7635467980295566,0.6332992849846782,0.6923506420993858,0.6474728087012156,620,192,359,392
51.97,0.7644882860665845,0.6332992849846782,0.6927374301675977,0.6481126039667306,620,191,359,393
51.98,0.765142150803461,0.6322778345250255,0.692393736017897,0.6481126039667306,619,190,360,394
51.99,0.7657992565055762,0.6312563840653729,0.6920492721164614,0.6481126039667306,618,189,361,395
52.0,0.7661691542288557,0.6292134831460674,0.6909702748177229,0.6474728087012156,616,188,363,396
52.01,0.7680798004987531,0.6292134831460674,0.6917462099943853,0.6487523992322457,616,186,363,398
52.04,0.7672090112640801,0.6261491317671093,0.6895388076490439,0.6468330134357005,613,186,366,398
52.06,0.767879548306148,0.6251276813074566,0.6891891891891893,0.6468330134357005,612,185,367,399
52.07,0.7707808564231738,0.6251276813074566,0.6903553299492385,0.6487523992322457,612,182,367,402
52.12,0.7704918032786885,0.6241062308478039,0.6896162528216704,0.6481126039667306,611,182,368,402
52.21,0.7714646464646465,0.6241062308478039,0.6900056465273857,0.6487523992322457,611,181,368,403
52.23,0.7721518987341772,0.6230847803881512,0.6896551724137931,0.6487523992322457,610,180,369,404
52.24,0.7741116751269036,0.6230847803881512,0.690435766836446,0.6500319897632757,610,178,369,406
52.26,0.7735368956743003,0.6210418794688458,0.6889518413597734,0.6487523992322457,608,178,371,406
52.27,0.7732484076433122,0.6200204290091931,0.6882086167800454,0.6481126039667306,607,178,372,406
52.29,0.7729591836734694,0.6189989785495403,0.6874645490640953,0.6474728087012156,606,178,373,406
52.3,0.7726692209450831,0.6179775280898876,0.6867196367763904,0.6468330134357005,605,178,374,406
52.32,0.7723785166240409,0.616956077630235,0.6859738784781374,0.6461932181701855,604,178,375,406
52.33,0.7720870678617158,0.6159346271705822,0.6852272727272727,0.6455534229046705,603,178,376,406
52.34,0.7740693196405648,0.6159346271705822,0.6860068259385667,0.6468330134357005,603,176,376,408
52.35,0.7737789203084833,0.6149131767109295,0.6852589641434262,0.6461932181701855,602,176,377,408
52.36,0.7734877734877735,0.6138917262512769,0.6845102505694761,0.6455534229046705,601,176,378,408
52.37,0.7729032258064517,0.6118488253319714,0.6830102622576967,0.6442738323736404,599,176,380,408
52.38,0.772609819121447,0.6108273748723186,0.6822589845978322,0.6436340371081254,598,176,381,408
52.44,0.7723156532988357,0.609805924412666,0.6815068493150684,0.6429942418426103,597,176,382,408
52.46,0.7733160621761658,0.609805924412666,0.6818960593946317,0.6436340371081254,597,175,382,409
52.47,0.7727272727272727,0.6077630234933605,0.6803887935963407,0.6423544465770953,595,175,384,409
52.48,0.7734375,0.6067415730337079,0.680022896393818,0.6423544465770953,594,174,385,410
52.49,0.7731421121251629,0.6057201225740552,0.6792668957617412,0.6417146513115803,593,174,386,410
52.5,0.7741514360313316,0.6057201225740552,0.6796561604584527,0.6423544465770953,593,173,386,411
52.51,0.7751633986928105,0.6057201225740552,0.6800458715596331,0.6429942418426103,593,172,386,412
52.53,0.7761780104712042,0.6057201225740552,0.6804360298336202,0.6436340371081254,593,171,386,413
52.57,0.7758846657929227,0.6046986721144024,0.6796785304247991,0.6429942418426103,592,171,387,413
52.58,0.7763157894736842,0.6026557711950971,0.6785508913168489,0.6423544465770953,590,170,389,414
52.59,0.7773386034255599,0.6026557711950971,0.6789413118527042,0.6429942418426103,590,169,389,415
52.6,0.7793923381770145,0.6026557711950971,0.6797235023041475,0.6442738323736404,590,167,389,417
52.61,0.7804232804232805,0.6026557711950971,0.6801152737752162,0.6449136276391555,590,166,389,418
52.63,0.7798408488063661,0.6006128702757916,0.6785920369301789,0.6436340371081254,588,166,391,418
52.64,0.7808764940239044,0.6006128702757916,0.6789838337182448,0.6442738323736404,588,165,391,419
52.67,0.7805851063829787,0.599591419816139,0.6782206816868862,0.6436340371081254,587,165,392,419
52.68,0.7816245006657789,0.599591419816139,0.6786127167630058,0.6442738323736404,587,164,392,420
52.75,0.7813333333333333,0.5985699693564862,0.6778484673221515,0.6436340371081254,586,164,393,420
52.77,0.7820855614973262,0.5975485188968335,0.677475390851187,0.6436340371081254,585,163,394,421
52.78,0.7831325301204819,0.5975485188968335,0.6778679026651216,0.6442738323736404,585,162,394,422
52.81,0.7836021505376344,0.5955056179775281,0.6767266395821242,0.6436340371081254,583,161,396,423
52.83,0.784656796769852,0.5955056179775281,0.6771196283391405,0.6442738323736404,583,160,396,424
52.84,0.784366576819407,0.5944841675178754,0.6763509587449158,0.6436340371081254,582,160,397,424
52.87,0.7854251012145749,0.5944841675178754,0.6767441860465117,0.6442738323736404,582,159,397,425
52.89,0.7851351351351351,0.5934627170582226,0.6759744037230947,0.6436340371081254,581,159,398,425
52.91,0.7848443843031123,0.59244126659857,0.6752037252619325,0.6429942418426103,580,159,399,425
52.93,0.7866847826086957,0.5914198161389173,0.6752186588921284,0.6436340371081254,579,157,400,427
52.95,0.7863945578231293,0.5903983656792645,0.6744457409568262,0.6429942418426103,578,157,401,427
52.99,0.7861035422343324,0.5893769152196119,0.673671920607122,0.6423544465770953,577,157,402,427
53.0,0.7871759890859482,0.5893769152196119,0.6740654205607478,0.6429942418426103,577,156,402,428
53.02,0.7882513661202186,0.5893769152196119,0.6744593804792519,0.6436340371081254,577,155,402,429
53.05,0.7876712328767124,0.5873340143003064,0.6729081334113518,0.6423544465770953,575,155,404,429
53.06,0.7873799725651578,0.5863125638406538,0.6721311475409837,0.6417146513115803,574,155,405,429
53.1,0.7884615384615384,0.5863125638406538,0.6725248974809608,0.6423544465770953,574,154,405,430
53.12,0.7889655172413793,0.5842696629213483,0.6713615023474179,0.6417146513115803,572,153,407,431
53.14,0.7911479944674965,0.5842696629213483,0.6721504112808461,0.6429942418426103,572,151,407,433
53.16,0.7908587257617729,0.5832482124616956,0.6713697824808935,0.6423544465770953,571,151,408,433
53.21,0.7930555555555555,0.5832482124616956,0.6721600941730428,0.6436340371081254,571,149,408,435
53.23,0.793584379358438,0.5812053115423902,0.6709905660377359,0.6429942418426103,569,148,410,436
53.25,0.7944055944055944,0.5801838610827375,0.6706021251475798,0.6429942418426103,568,147,411,437
53.26,0.7955182072829131,0.5801838610827375,0.6709982279976373,0.6436340371081254,568,146,411,438
53.28,0.7966339410939691,0.5801838610827375,0.6713947990543735,0.6442738323736404,568,145,411,439
53.29,0.7974683544303798,0.5791624106230848,0.6710059171597633,0.6442738323736404,567,144,412,440
53.3,0.7966101694915254,0.5760980592441267,0.6686425607587434,0.6423544465770953,564,144,415,440
53.34,0.7988668555240793,0.5760980592441267,0.6694362017804155,0.6436340371081254,564,142,415,442
53.35,0.8,0.5760980592441267,0.669833729216152,0.6442738323736404,564,141,415,443
53.36,0.8011363636363636,0.5760980592441267,0.6702317290552585,0.6449136276391555,564,140,415,444
53.38,0.8008534850640113,0.575076608784474,0.6694411414982164,0.6442738323736404,563,140,416,444
53.39,0.801994301994302,0.575076608784474,0.6698393813206425,0.6449136276391555,563,139,416,445
53.4,0.8028571428571428,0.5740551583248212,0.6694460988683739,0.6449136276391555,562,138,417,446
53.42,0.8037249283667621,0.5730337078651685,0.6690518783542039,0.6449136276391555,561,137,418,447
53.46,0.8034433285509326,0.5720122574055159,0.6682577565632459,0.6442738323736404,560,137,419,447
53.47,0.8031609195402298,0.5709908069458631,0.6674626865671641,0.6436340371081254,559,137,420,447
53.48,0.8028776978417266,0.5699693564862104,0.6666666666666666,0.6429942418426103,558,137,421,447
53.5,0.8025936599423631,0.5689479060265578,0.6658696951583982,0.6423544465770953,557,137,422,447
53.53,0.8037518037518038,0.5689479060265578,0.6662679425837321,0.6429942418426103,557,136,422,448
53.54,0.8034682080924855,0.567926455566905,0.6654697785757031,0.6423544465770953,556,136,423,448
53.55,0.8031837916063675,0.5669050051072523,0.6646706586826346,0.6417146513115803,555,136,424,448
53.56,0.8043478260869565,0.5669050051072523,0.665068903535051,0.6423544465770953,555,135,424,449
53.6,0.8040638606676342,0.5658835546475995,0.6642685851318945,0.6417146513115803,554,135,425,449
53.61,0.8052325581395349,0.5658835546475995,0.6646670665866825,0.6423544465770953,554,134,425,450
53.62,0.8049490538573508,0.5648621041879469,0.6638655462184875,0.6417146513115803,553,134,426,450
53.63,0.8046647230320699,0.5638406537282942,0.6630630630630631,0.6410748560460653,552,134,427,450
53.65,0.8055555555555556,0.5628192032686414,0.6626578472639807,0.6410748560460653,551,133,428,451
53.67,0.8067349926793558,0.5628192032686414,0.6630565583634175,0.6417146513115803,551,132,428,452
53.68,0.8079178885630498,0.5628192032686414,0.6634557495484648,0.6423544465770953,551,131,428,453
53.7,0.8088235294117647,0.5617977528089888,0.6630500301386377,0.6423544465770953,550,130,429,454
53.72,0.8100147275405007,0.5617977528089888,0.6634499396863691,0.6429942418426103,550,129,429,455
53.73,0.8112094395280236,0.5617977528089888,0.6638503319251661,0.6436340371081254,550,128,429,456
53.74,0.8124076809453471,0.5617977528089888,0.6642512077294687,0.6442738323736404,550,127,429,457
53.75,0.8118518518518518,0.5597548518896833,0.6626360338573156,0.6429942418426103,548,127,431,457
53.78,0.812778603268945,0.5587334014300307,0.662227602905569,0.6429942418426103,547,126,432,458
53.82,0.8125,0.557711950970378,0.6614173228346457,0.6423544465770953,546,126,433,458
53.84,0.8137108792846498,0.557711950970378,0.6618181818181819,0.6429942418426103,546,125,433,459
53.86,0.8149253731343283,0.557711950970378,0.6622195269860521,0.6436340371081254,546,124,433,460
53.92,0.8146487294469357,0.5566905005107252,0.6614077669902912,0.6429942418426103,545,124,434,460
53.95,0.8158682634730539,0.5566905005107252,0.6618093503339405,0.6436340371081254,545,123,434,461
53.97,0.8150375939849624,0.5536261491317671,0.6593673965936739,0.6417146513115803,542,123,437,461
53.98,0.8159879336349924,0.5526046986721144,0.6589524969549331,0.6417146513115803,541,122,438,462
53.99,0.8157099697885196,0.5515832482124617,0.6581352833638026,0.6410748560460653,540,122,439,462
54.01,0.8169440242057489,0.5515832482124617,0.6585365853658538,0.6417146513115803,540,121,439,463
54.02,0.8181818181818182,0.5515832482124617,0.6589383770591825,0.6423544465770953,540,120,439,464
54.03,0.8179059180576631,0.550561797752809,0.6581196581196581,0.6417146513115803,539,120,440,464
54.08,0.817629179331307,0.5495403472931563,0.657299938912645,0.6410748560460653,538,120,441,464
54.12,0.8188736681887366,0.5495403472931563,0.6577017114914425,0.6417146513115803,538,119,441,465
54.14,0.8213740458015267,0.5495403472931563,0.6585067319461444,0.6429942418426103,538,117,441,467
54.18,0.8238897396630934,0.5495403472931563,0.6593137254901961,0.6442738323736404,538,115,441,469
54.24,0.8251533742331288,0.5495403472931563,0.6597179644389944,0.6449136276391555,538,114,441,470
54.25,0.8261538461538461,0.5485188968335035,0.6593001841620626,0.6449136276391555,537,113,442,471
54.29,0.827426810477658,0.5485188968335035,0.6597051597051597,0.6455534229046705,537,112,442,472
54.3,0.8268933539412674,0.5464759959141982,0.6580565805658056,0.6442738323736404,535,112,444,472
54.34,0.826625386996904,0.5454545454545454,0.6572307692307692,0.6436340371081254,534,112,445,472
54.45,0.8263565891472868,0.5444330949948928,0.6564039408866995,0.6429942418426103,533,112,446,472
54.47,0.8260869565217391,0.54341164453524,0.6555760936537276,0.6423544465770953,532,112,447,472
54.48,0.8252730109204368,0.5403472931562819,0.6530864197530865,0.6404350607805502,529,112,450,472
54.5,0.8265625,0.5403472931562819,0.6534898085237801,0.6410748560460653,529,111,450,473
54.52,0.8262910798122066,0.5393258426966292,0.6526576019777504,0.6404350607805502,528,111,451,473
54.54,0.8260188087774295,0.5383043922369765,0.6518243661100804,0.6397952655150352,527,111,452,473
54.55,0.8254716981132075,0.5362614913176711,0.6501547987616099,0.6385156749840051,525,111,454,473
54.56,0.8251968503937008,0.5352400408580184,0.6493184634448576,0.6378758797184901,524,111,455,473
54.58,0.8249211356466877,0.5342185903983657,0.648481091134532,0.6372360844529751,523,111,456,473
54.6,0.8259493670886076,0.533197139938713,0.6480446927374302,0.6372360844529751,522,110,457,474
54.62,0.8272583201267829,0.533197139938713,0.6484472049689441,0.6378758797184901,522,109,457,475
54.63,0.8269841269841269,0.5321756894790602,0.6476072094468613,0.6372360844529751,521,109,458,475
54.69,0.8282988871224165,0.5321756894790602,0.6480099502487562,0.6378758797184901,521,108,458,476
54.71,0.8280254777070064,0.5311542390194075,0.6471686372121966,0.6372360844529751,520,108,459,476
54.72,0.8306709265175719,0.5311542390194075,0.6479750778816199,0.6385156749840051,520,106,459,478
54.74,0.8333333333333334,0.5311542390194075,0.6487835308796008,0.6397952655150352,520,104,459,480
54.75,0.8330658105939005,0.5301327885597549,0.6479400749063672,0.6391554702495201,519,104,460,480
54.77,0.8327974276527331,0.5291113381001021,0.6470955652717052,0.6385156749840051,518,104,461,480
54.78,0.8354838709677419,0.5291113381001021,0.6479049405878675,0.6397952655150352,518,102,461,482
54.81,0.8365695792880259,0.5280898876404494,0.6474639949906074,0.6397952655150352,517,101,462,483
54.87,0.8376623376623377,0.5270684371807968,0.6470219435736678,0.6397952655150352,516,100,463,484
54.88,0.8387622149837134,0.526046986721144,0.6465787821720026,0.6397952655150352,515,99,464,485
54.92,0.8384991843393148,0.5250255362614913,0.6457286432160804,0.6391554702495201,514,99,465,485
54.96,0.8382352941176471,0.5240040858018387,0.64487743557511,0.6385156749840051,513,99,466,485
54.97,0.8379705400981997,0.5229826353421859,0.6440251572327045,0.6378758797184901,512,99,467,485
55.02,0.8377049180327869,0.5219611848825332,0.6431718061674009,0.6372360844529751,511,99,468,485
55.06,0.8390804597701149,0.5219611848825332,0.6435768261964736,0.6378758797184901,511,98,468,486
55.08,0.8385502471169687,0.5199182839632278,0.6418663303909206,0.63659628918746,509,98,470,486
55.09,0.8382838283828383,0.5188968335035751,0.6410094637223975,0.635956493921945,508,98,471,486
55.13,0.8394039735099338,0.5178753830439223,0.640555906506633,0.635956493921945,507,97,472,487
55.14,0.8388704318936877,0.515832482124617,0.6388361796331435,0.6346769033909149,505,97,474,487
55.22,0.8394648829431438,0.5127681307456589,0.6366518706404566,0.6333973128598849,502,96,477,488
55.24,0.8408710217755444,0.5127681307456589,0.6370558375634519,0.6340371081253998,502,95,477,489
55.25,0.8406040268456376,0.5117466802860061,0.6361904761904761,0.6333973128598849,501,95,478,489
55.29,0.8403361344537815,0.5107252298263534,0.6353240152477763,0.6327575175943698,500,95,479,489
55.31,0.8397976391231029,0.508682328907048,0.633587786259542,0.6314779270633397,498,95,481,489
55.32,0.8392554991539763,0.5066394279877426,0.6318471337579619,0.6301983365323096,496,95,483,489
55.33,0.8406779661016949,0.5066394279877426,0.6322498406628426,0.6308381317978247,496,94,483,490
55.36,0.8404074702886248,0.5056179775280899,0.6313775510204082,0.6301983365323096,495,94,484,490
55.38,0.8418367346938775,0.5056179775280899,0.6317804722399488,0.6308381317978247,495,93,484,491
55.39,0.841296928327645,0.5035750766087844,0.630031948881789,0.6295585412667947,493,93,486,491
55.44,0.841025641025641,0.5025536261491318,0.6291560102301791,0.6289187460012796,492,93,487,491
55.45,0.8407534246575342,0.501532175689479,0.6282789507357645,0.6282789507357646,491,93,488,491
55.46,0.8421955403087479,0.501532175689479,0.6286811779769527,0.6289187460012796,491,92,488,492
55.51,0.8436426116838488,0.501532175689479,0.6290839205637412,0.6295585412667947,491,91,488,493
55.52,0.8450946643717728,0.501532175689479,0.6294871794871795,0.6301983365323096,491,90,488,494
55.54,0.8448275862068966,0.5005107252298263,0.6286080821039126,0.6295585412667947,490,90,489,494
55.55,0.846286701208981,0.5005107252298263,0.6290115532734274,0.6301983365323096,490,89,489,495
55.58,0.8477508650519031,0.5005107252298263,0.6294155427103404,0.6308381317978247,490,88,489,496
55.6,0.8492201039861352,0.5005107252298263,0.6298200514138818,0.6314779270633397,490,87,489,497
55.63,0.8504347826086956,0.49948927477017363,0.6293436293436293,0.6314779270633397,489,86,490,498
55.65,0.8501742160278746,0.49846782431052095,0.6284610431423051,0.6308381317978247,488,86,491,498
55.67,0.849912739965096,0.4974463738508682,0.6275773195876289,0.6301983365323096,487,86,492,498
55.69,0.8513986013986014,0.4974463738508682,0.6279819471308833,0.6308381317978247,487,85,492,499
55.7,0.851138353765324,0.4964249233912155,0.6270967741935484,0.6301983365323096,486,85,493,499
55.79,0.8526315789473684,0.4964249233912155,0.6275016139444803,0.6308381317978247,486,84,493,500
55.83,0.8523725834797891,0.49540347293156284,0.6266149870801033,0.6301983365323096,485,84,494,500
55.88,0.852112676056338,0.4943820224719101,0.6257272139625081,0.6295585412667947,484,84,495,500
55.9,0.8536155202821869,0.4943820224719101,0.6261319534282017,0.6301983365323096,484,83,495,501
55.92,0.8533568904593639,0.4933605720122574,0.625242718446602,0.6295585412667947,483,83,496,501
55.93,0.8530973451327434,0.4923391215526047,0.6243523316062176,0.6289187460012796,482,83,497,501
55.94,0.8576512455516014,0.4923391215526047,0.6255678131083712,0.6308381317978247,482,80,497,504
55.98,0.857397504456328,0.491317671092952,0.6246753246753247,0.6301983365323096,481,80,498,504
56.03,0.8589285714285714,0.491317671092952,0.6250812215724496,0.6308381317978247,481,79,498,505
56.06,0.8604651162790697,0.491317671092952,0.6254876462938881,0.6314779270633397,481,78,498,506
56.07,0.8620071684587813,0.491317671092952,0.6258945998698764,0.6321177223288548,481,77,498,507
56.08,0.8617594254937163,0.4902962206332993,0.625,0.6314779270633397,480,77,499,507
56.15,0.8615107913669064,0.48927477017364657,0.6241042345276873,0.6308381317978247,479,77,500,507
56.16,0.8628158844765343,0.4882533197139939,0.6236138290932811,0.6308381317978247,478,76,501,508
56.17,0.8641304347826086,0.48723186925434114,0.6231221423905944,0.6308381317978247,477,75,502,509
56.21,0.8656987295825771,0.48723186925434114,0.6235294117647059,0.6314779270633397,477,74,502,510
56.27,0.8654545454545455,0.48621041879468846,0.6226291693917593,0.6308381317978247,476,74,503,510
56.29,0.8670309653916212,0.48621041879468846,0.6230366492146597,0.6314779270633397,476,73,503,511
56.3,0.8667883211678832,0.4851889683350358,0.6221349050425672,0.6308381317978247,475,73,504,511
56.33,0.8665447897623401,0.48416751787538304,0.6212319790301443,0.6301983365323096,474,73,505,511
56.34,0.8663003663003663,0.48314606741573035,0.620327868852459,0.6295585412667947,473,73,506,511
56.36,0.8658088235294118,0.4811031664964249,0.618516086671044,0.6282789507357646,471,73,508,511
56.37,0.8655616942909761,0.48008171603677224,0.6176084099868594,0.6276391554702495,470,73,509,511
56.38,0.8653136531365314,0.4790602655771195,0.6166995397764629,0.6269993602047345,469,73,510,511
56.4,0.866913123844732,0.4790602655771195,0.6171052631578947,0.6276391554702495,469,72,510,512
56.43,0.8666666666666667,0.4780388151174668,0.6161948650427913,0.6269993602047345,468,72,511,512
56.44,0.8698884758364313,0.4780388151174668,0.6170072511535926,0.6282789507357646,468,70,511,514
56.45,0.8715083798882681,0.4780388151174668,0.6174142480211081,0.6289187460012796,468,69,511,515
56.47,0.8726591760299626,0.4759959141981614,0.6159947124917382,0.6282789507357646,466,68,513,516
56.5,0.8740601503759399,0.47497446373850866,0.6154864328259431,0.6282789507357646,465,67,514,517
56.51,0.8738229755178908,0.473953013278856,0.6145695364238412,0.6276391554702495,464,67,515,517
56.52,0.8735849056603774,0.4729315628192033,0.6136514247846255,0.6269993602047345,463,67,516,517
56.53,0.8733459357277883,0.47191011235955055,0.6127320954907162,0.6263595649392194,462,67,517,517
56.57,0.8747628083491461,0.47088866189989786,0.6122177954847278,0.6263595649392194,461,66,518,518
56.6,0.8745247148288974,0.4698672114402451,0.6112956810631228,0.6257197696737045,460,66,519,518
56.62,0.8761904761904762,0.4698672114402451,0.6117021276595744,0.6263595649392194,460,65,519,519
56.66,0.8778625954198473,0.4698672114402451,0.612109115103127,0.6269993602047345,460,64,519,520
56.67,0.8795411089866156,0.4698672114402451,0.6125166444740345,0.6276391554702495,460,63,519,521
56.68,0.8812260536398467,0.4698672114402451,0.6129247168554298,0.6282789507357646,460,62,519,522
56.72,0.8809980806142035,0.46884576098059244,0.612,0.6276391554702495,459,62,520,522
56.73,0.8826923076923077,0.46884576098059244,0.6124082721814542,0.6282789507357646,459,61,520,523
56.76,0.882466281310212,0.46782431052093976,0.6114819759679572,0.6276391554702495,458,61,521,523
56.8,0.8856589147286822,0.466802860061287,0.611371237458194,0.6282789507357646,457,59,522,525
56.81,0.8871595330739299,0.46578140960163433,0.6108506363027462,0.6282789507357646,456,58,523,526
56.89,0.8869395711500975,0.4647599591419816,0.6099195710455764,0.6276391554702495,455,58,524,526
56.9,0.888671875,0.4647599591419816,0.6103286384976526,0.6282789507357646,455,57,524,527
56.93,0.8884540117416829,0.4637385086823289,0.6093959731543623,0.6276391554702495,454,57,525,527
56.94,0.8899803536345776,0.4627170582226762,0.6088709677419355,0.6276391554702495,453,56,526,528
56.97,0.8917322834645669,0.4627170582226762,0.6092804303967719,0.6282789507357646,453,55,526,529
57.06,0.8915187376725838,0.4616956077630235,0.6083445491251682,0.6276391554702495,452,55,527,529
57.08,0.8950495049504951,0.4616956077630235,0.6091644204851752,0.6289187460012796,452,53,527,531
57.13,0.8968253968253969,0.4616956077630235,0.6095751854349292,0.6295585412667947,452,52,527,532
57.16,0.8986083499005965,0.4616956077630235,0.6099865047233468,0.6301983365323096,452,51,527,533
57.17,0.900398406374502,0.4616956077630235,0.6103983794733288,0.6308381317978247,452,50,527,534
57.19,0.9001996007984032,0.4606741573033708,0.6094594594594595,0.6301983365323096,451,50,528,534
57.25,0.9,0.45965270684371806,0.6085192697768763,0.6295585412667947,450,50,529,534
57.26,0.8997995991983968,0.4586312563840654,0.6075778078484438,0.6289187460012796,449,50,530,534
57.32,0.8993963782696177,0.45658835546475995,0.6056910569105691,0.6276391554702495,447,50,532,534
57.36,0.898989898989899,0.45454545454545453,0.6037991858887382,0.6263595649392194,445,50,534,534
57.5,0.8987854251012146,0.45352400408580185,0.6028513238289205,0.6257197696737045,444,50,535,534
57.51,0.8985801217038539,0.4525025536261491,0.6019021739130436,0.6250799744081894,443,50,536,534
57.53,0.8981670061099797,0.45045965270684374,0.6,0.6238003838771593,441,50,538,534
57.59,0.8979591836734694,0.449438202247191,0.5990469707283868,0.6231605886116443,440,50,539,534
57.62,0.8997955010224948,0.449438202247191,0.5994550408719346,0.6238003838771593,440,49,539,535
57.63,0.9016393442622951,0.449438202247191,0.5998636673483299,0.6244401791426744,440,48,539,536
57.65,0.9014373716632443,0.4484167517875383,0.5989085948158254,0.6238003838771593,439,48,540,536
57.68,0.9012345679012346,0.4473953013278856,0.5979522184300341,0.6231605886116443,438,48,541,536
57.71,0.9010309278350516,0.4463738508682329,0.5969945355191256,0.6225207933461292,437,48,542,536
57.74,0.9028925619834711,0.4463738508682329,0.5974025974025975,0.6231605886116443,437,47,542,537
57.75,0.9026915113871635,0.4453524004085802,0.5964432284541724,0.6225207933461292,436,47,543,537
57.77,0.9024896265560166,0.44433094994892747,0.595482546201232,0.6218809980806143,435,47,544,537
57.79,0.9022869022869023,0.4433094994892748,0.5945205479452055,0.6212412028150992,434,47,545,537
57.83,0.9039665970772442,0.44228804902962204,0.5939643347050755,0.6212412028150992,433,46,546,538
57.88,0.9037656903765691,0.44126659856996936,0.5929993136582018,0.6206014075495841,432,46,547,538
57.91,0.9035639412997903,0.4402451481103167,0.592032967032967,0.6199616122840691,431,46,548,538
57.96,0.9033613445378151,0.43922369765066394,0.5910652920962199,0.619321817018554,430,46,549,538
57.97,0.902542372881356,0.4351378958120531,0.5871812543073742,0.6167626359564939,426,46,553,538
57.98,0.9023354564755839,0.4341164453524004,0.5862068965517241,0.6161228406909789,425,46,554,538
57.99,0.902127659574468,0.4330949948927477,0.5852311939268461,0.6154830454254638,424,46,555,538
58.0,0.9040511727078892,0.4330949948927477,0.5856353591160222,0.6161228406909789,424,45,555,539
58.05,0.9038461538461539,0.432073544433095,0.5846579129232896,0.6154830454254638,423,45,556,539
58.06,0.9036402569593148,0.4310520939734423,0.5836791147994468,0.6148432501599488,422,45,557,539
58.19,0.9034334763948498,0.43003064351378956,0.5826989619377162,0.6142034548944337,421,45,558,539
58.2,0.9032258064516129,0.4290091930541369,0.5817174515235457,0.6135636596289188,420,45,559,539
58.25,0.9028077753779697,0.42696629213483145,0.579750346740638,0.6122840690978887,418,45,561,539
58.26,0.9025974025974026,0.42594484167517876,0.578764746703678,0.6116442738323736,417,45,562,539
58.41,0.9045553145336226,0.42594484167517876,0.5791666666666667,0.6122840690978887,417,44,562,540
58.43,0.9065217391304348,0.42594484167517876,0.5795691452397498,0.6129238643634037,417,43,562,541
58.46,0.9084967320261438,0.42594484167517876,0.5799721835883171,0.6135636596289188,417,42,562,542
58.47,0.9082969432314411,0.424923391215526,0.5789839944328462,0.6129238643634037,416,42,563,542
58.52,0.9080962800875274,0.42390194075587334,0.5779944289693594,0.6122840690978887,415,42,564,542
58.53,0.9078947368421053,0.42288049029622066,0.5770034843205575,0.6116442738323736,414,42,565,542
58.56,0.9076923076923077,0.4218590398365679,0.5760111576011158,0.6110044785668586,413,42,566,542
58.63,0.9074889867841409,0.42083758937691523,0.5750174459176552,0.6103646833013435,412,42,567,542
58.64,0.9094922737306843,0.42083758937691523,0.5754189944134078,0.6110044785668586,412,41,567,543
58.72,0.9090909090909091,0.4187946884576098,0.5734265734265734,0.6097248880358286,410,41,569,543
58.75,0.9111111111111111,0.4187946884576098,0.5738278516445067,0.6103646833013435,410,40,569,544
58.78,0.910913140311804,0.4177732379979571,0.5728291316526611,0.6097248880358286,409,40,570,544
58.81,0.9107142857142857,0.4167517875383044,0.5718290119131044,0.6090850927703135,408,40,571,544
58.89,0.912751677852349,0.4167517875383044,0.5722300140252454,0.6097248880358286,408,39,571,545
58.9,0.9147982062780269,0.4167517875383044,0.5726315789473684,0.6103646833013435,408,38,571,546
58.95,0.9168539325842696,0.4167517875383044,0.5730337078651686,0.6110044785668586,408,37,571,547
58.96,0.9166666666666666,0.4157303370786517,0.5720309205903021,0.6103646833013435,407,37,572,547
59.05,0.918552036199095,0.41470888661899896,0.5714285714285714,0.6103646833013435,406,36,573,548
59.09,0.9183673469387755,0.4136874361593463,0.5704225352112676,0.6097248880358286,405,36,574,548
59.15,0.9181818181818182,0.41266598569969354,0.5694150810429881,0.6090850927703135,404,36,575,548
59.16,0.9176201372997712,0.40960163432073543,0.5663841807909604,0.6071657069737684,401,36,578,548
59.28,0.9174311926605505,0.40858018386108275,0.5653710247349824,0.6065259117082533,400,36,579,548
59.31,0.9172413793103448,0.40755873340143,0.5643564356435643,0.6058861164427384,399,36,580,548
59.32,0.9193548387096774,0.40755873340143,0.564755838641189,0.6065259117082533,399,35,580,549
59.33,0.9236111111111112,0.40755873340143,0.5655563430191354,0.6078055022392834,399,33,580,551
59.34,0.9234338747099768,0.4065372829417773,0.5645390070921986,0.6071657069737684,398,33,581,551
59.35,0.9232558139534883,0.40551583248212464,0.5635202271114266,0.6065259117082533,397,33,582,551
59.37,0.9230769230769231,0.4044943820224719,0.5625,0.6058861164427384,396,33,583,551
59.39,0.9228971962616822,0.4034729315628192,0.5614783226723525,0.6052463211772233,395,33,584,551
59.46,0.9223529411764706,0.4004085801838611,0.5584045584045585,0.6033269353806782,392,33,587,551
59.5,0.9243498817966903,0.39938712972420837,0.557774607703281,0.6033269353806782,391,32,588,552
59.55,0.9265402843601895,0.39938712972420837,0.5581727337615988,0.6039667306461932,391,31,588,553
59.62,0.9263657957244655,0.3983656792645557,0.557142857142857,0.6033269353806782,390,31,589,553
59.7,0.9261904761904762,0.39734422880490294,0.5561115082201572,0.6026871401151631,389,31,590,553
59.79,0.9260143198090692,0.39632277834525026,0.5550786838340487,0.6020473448496481,388,31,591,553
59.8,0.9258373205741627,0.3953013278855976,0.5540443808160344,0.6014075495841331,387,31,592,553
59.86,0.9256594724220624,0.39427987742594484,0.5530085959885387,0.6007677543186181,386,31,593,553
60.16,0.9278846153846154,0.39427987742594484,0.5534050179211469,0.6014075495841331,386,30,593,554
60.23,0.9301204819277108,0.39427987742594484,0.5538020086083214,0.6020473448496481,386,29,593,555
60.24,0.9323671497584541,0.39427987742594484,0.5541995692749462,0.6026871401151631,386,28,593,556
60.25,0.9322033898305084,0.39325842696629215,0.5531609195402298,0.6020473448496481,385,28,594,556
60.32,0.9344660194174758,0.39325842696629215,0.5535585909417685,0.6026871401151631,385,27,594,557
60.37,0.9367396593673966,0.39325842696629215,0.5539568345323741,0.6033269353806782,385,26,594,558
60.41,0.9390243902439024,0.39325842696629215,0.5543556515478761,0.6039667306461932,385,25,594,559
60.53,0.9388753056234719,0.3922369765066394,0.5533141210374639,0.6033269353806782,384,25,595,559
60.57,0.9387254901960784,0.39121552604698673,0.5522710886806057,0.6026871401151631,383,25,596,559
60.58,0.9385749385749386,0.390194075587334,0.5512265512265512,0.6020473448496481,382,25,597,559
60.63,0.9408866995073891,0.390194075587334,0.551624548736462,0.6026871401151631,382,24,597,560
60.65,0.9407407407407408,0.3891726251276813,0.5505780346820809,0.6020473448496481,381,24,598,560
60.79,0.9405940594059405,0.3881511746680286,0.5495300072306579,0.6014075495841331,380,24,599,560
60.94,0.9427860696517413,0.3871297242083759,0.5488776249094859,0.6014075495841331,379,23,600,561
61.11,0.9451371571072319,0.3871297242083759,0.5492753623188406,0.6020473448496481,379,22,600,562
61.22,0.9475,0.3871297242083759,0.5496736765772298,0.6026871401151631,379,21,600,563
61.29,0.9473684210526315,0.3861082737487232,0.548621190130624,0.6020473448496481,378,21,601,563
61.33,0.9472361809045227,0.38508682328907046,0.5475671750181554,0.6014075495841331,377,21,602,563
61.36,0.947103274559194,0.3840653728294178,0.5465116279069767,0.6007677543186181,376,21,603,563
61.4,0.946969696969697,0.3830439223697651,0.5454545454545455,0.600127959053103,375,21,604,563
61.41,0.9468354430379747,0.38202247191011235,0.5443959243085881,0.599488163787588,374,21,605,563
61.53,0.9467005076142132,0.38100102145045966,0.5433357611070648,0.5988483685220729,373,21,606,563
61.56,0.9465648854961832,0.3799795709908069,0.5422740524781341,0.5982085732565579,372,21,607,563
61.73,0.948849104859335,0.37895812053115424,0.5416058394160583,0.5982085732565579,371,20,608,564
61.91,0.9487179487179487,0.37793667007150156,0.5405405405405406,0.5975687779910429,370,20,609,564
61.97,0.9511568123393316,0.37793667007150156,0.5409356725146199,0.5982085732565579,370,19,609,565
61.98,0.9510309278350515,0.3769152196118488,0.5398683247988295,0.5975687779910429,369,19,610,565
61.99,0.9509043927648578,0.37589376915219613,0.5387994143484627,0.5969289827255279,368,19,611,565
62.06,0.9507772020725389,0.3748723186925434,0.5377289377289377,0.5962891874600128,367,19,612,565
62.09,0.9506493506493506,0.3738508682328907,0.5366568914956013,0.5956493921944978,366,19,613,565
62.25,0.9505208333333334,0.372829417773238,0.5355832721936904,0.5950095969289827,365,19,614,565
62.28,0.9503916449086162,0.3718079673135853,0.5345080763582966,0.5943698016634676,364,19,615,565
62.32,0.9502617801047121,0.3707865168539326,0.5334313005143277,0.5937300063979527,363,19,616,565
62.48,0.952755905511811,0.3707865168539326,0.5338235294117648,0.5943698016634676,363,18,616,566
62.52,0.9526315789473684,0.36976506639427986,0.5327446651949963,0.5937300063979527,362,18,617,566
62.57,0.9525065963060686,0.3687436159346272,0.5316642120765832,0.5930902111324377,361,18,618,566
62.58,0.955026455026455,0.3687436159346272,0.5320560058953574,0.5937300063979527,361,17,618,567
62.65,0.9575596816976127,0.3687436159346272,0.532448377581121,0.5943698016634676,361,16,618,568
62.66,0.9574468085106383,0.36772216547497444,0.5313653136531366,0.5937300063979527,360,16,619,568
62.79,0.9573333333333334,0.36670071501532175,0.5302806499261448,0.5930902111324377,359,16,620,568
62.8,0.9572192513368984,0.36567926455566907,0.5291943828529194,0.5924504158669226,358,16,621,568
62.84,0.9571045576407506,0.36465781409601633,0.5281065088757396,0.5918106206014075,357,16,622,568
62.86,0.9568733153638814,0.3626149131767109,0.5259259259259258,0.5905310300703774,355,16,624,568
62.9,0.959349593495935,0.3615934627170582,0.5252225519287834,0.5905310300703774,354,15,625,569
63.02,0.9592391304347826,0.36057201225740554,0.5241276911655531,0.5898912348048625,353,15,626,569
63.05,0.9590163934426229,0.3585291113381001,0.5219330855018588,0.5886116442738324,351,15,628,569
63.1,0.9615384615384616,0.3575076608784474,0.5212211466865226,0.5886116442738324,350,14,629,570
63.14,0.9614325068870524,0.3564862104187947,0.5201192250372578,0.5879718490083173,349,14,630,570
63.15,0.9613259668508287,0.355464759959142,0.5190156599552572,0.5873320537428023,348,14,631,570
63.2,0.961218836565097,0.35444330949948927,0.517910447761194,0.5866922584772872,347,14,632,570
63.27,0.9611111111111111,0.3534218590398366,0.5168035847647497,0.5860524632117722,346,14,633,570
63.31,0.9610027855153204,0.35240040858018384,0.5156950672645739,0.5854126679462572,345,14,634,570
63.41,0.9608938547486033,0.35137895812053116,0.5145848915482423,0.5847728726807422,344,14,635,570
63.42,0.9607843137254902,0.3503575076608784,0.5134730538922155,0.5841330774152271,343,14,636,570
63.48,0.9605633802816902,0.34831460674157305,0.5112443778110944,0.582853486884197,341,14,638,570
63.54,0.963276836158192,0.34831460674157305,0.5116279069767442,0.5834932821497121,341,13,638,571
63.55,0.9659090909090909,0.3472931562819203,0.510894064613073,0.5834932821497121,340,12,639,572
63.61,0.9658119658119658,0.34627170582226763,0.5097744360902255,0.582853486884197,339,12,640,572
63.62,0.9657142857142857,0.3452502553626149,0.508653122648608,0.582213691618682,338,12,641,572
63.74,0.9656160458452722,0.3442288049029622,0.5075301204819277,0.581573896353167,337,12,642,572
63.76,0.9655172413793104,0.3432073544433095,0.506405425772419,0.580934101087652,336,12,643,572
63.82,0.9654178674351584,0.3421859039836568,0.5052790346907993,0.5802943058221369,335,12,644,572
63.84,0.9682080924855492,0.3421859039836568,0.5056603773584906,0.580934101087652,335,11,644,573
63.85,0.9681159420289855,0.3411644535240041,0.5045317220543807,0.5802943058221369,334,11,645,573
63.93,0.9709302325581395,0.3411644535240041,0.5049130763416477,0.580934101087652,334,10,645,574
63.94,0.9737609329446064,0.3411644535240041,0.5052950075642965,0.581573896353167,334,9,645,575
64.01,0.9736842105263158,0.34014300306435136,0.5041635124905375,0.580934101087652,333,9,646,575
64.03,0.9736070381231672,0.3391215526046987,0.503030303030303,0.5802943058221369,332,9,647,575
64.17,0.9735294117647059,0.338100102145046,0.5018953752843064,0.5796545105566219,331,9,648,575
64.26,0.9734513274336283,0.33707865168539325,0.5007587253414264,0.5790147152911068,330,9,649,575
64.3,0.9733727810650887,0.33605720122574056,0.4996203492786636,0.5783749200255918,329,9,650,575
64.35,0.973293768545994,0.3350357507660878,0.4984802431610942,0.5777351247600768,328,9,651,575
64.36,0.9761904761904762,0.3350357507660878,0.4988593155893536,0.5783749200255918,328,8,651,576
64.46,0.9761194029850746,0.33401430030643514,0.4977168949771689,0.5777351247600768,327,8,652,576
64.63,0.9760479041916168,0.33299284984678246,0.4965727341964966,0.5770953294945618,326,8,653,576
65.24,0.975975975975976,0.3319713993871297,0.4954268292682927,0.5764555342290467,325,8,654,576
65.3,0.9759036144578314,0.33094994892747703,0.49427917620137296,0.5758157389635317,324,8,655,576
65.35,0.9758308157099698,0.3299284984678243,0.4931297709923663,0.5751759436980166,323,8,656,576
65.36,0.9787878787878788,0.3299284984678243,0.4935064935064935,0.5758157389635317,323,7,656,577
65.48,0.9787234042553191,0.3289070480081716,0.49235474006116214,0.5751759436980166,322,7,657,577
65.49,0.9785932721712538,0.3268641470888662,0.4900459418070444,0.5738963531669866,320,7,659,577
65.75,0.9785276073619632,0.3258426966292135,0.48888888888888893,0.5732565579014716,319,7,660,577
65.84,0.9784615384615385,0.32482124616956076,0.48773006134969327,0.5726167626359565,318,7,661,577
65.91,0.9783950617283951,0.3237997957099081,0.4865694551036071,0.5719769673704415,317,7,662,577
66.14,0.978328173374613,0.32277834525025534,0.4854070660522274,0.5713371721049264,316,7,663,577
66.16,0.9782608695652174,0.32175689479060265,0.4842428900845504,0.5706973768394114,315,7,664,577
66.3,0.9813084112149533,0.32175689479060265,0.48461538461538467,0.5713371721049264,315,6,664,578
66.36,0.98125,0.32073544433094997,0.48344880677444185,0.5706973768394114,314,6,665,578
66.52,0.9811912225705329,0.31971399387129723,0.48228043143297383,0.5700575815738963,313,6,666,578
66.64,0.9811320754716981,0.31869254341164455,0.4811102544333077,0.5694177863083814,312,6,667,578
66.89,0.9810126582278481,0.3166496424923391,0.47876447876447875,0.5681381957773513,310,6,669,578
67.11,0.9809523809523809,0.31562819203268644,0.4775888717156105,0.5674984005118362,309,6,670,578
67.28,0.9808917197452229,0.3146067415730337,0.4764114462490332,0.5668586052463211,308,6,671,578
67.3,0.9840255591054313,0.3146067415730337,0.47678018575851394,0.5674984005118362,308,5,671,579
67.41,0.9839743589743589,0.313585291113381,0.4756003098373354,0.5668586052463211,307,5,672,579
67.44,0.9838709677419355,0.3115423901940756,0.4732350659425912,0.5655790147152912,305,5,674,579
67.58,0.9838187702265372,0.3105209397344229,0.4720496894409938,0.5649392194497761,304,5,675,579
67.6,0.9837662337662337,0.30949948927477017,0.47086247086247085,0.564299424184261,303,5,676,579
67.74,0.9869706840390879,0.30949948927477017,0.4712286158631415,0.5649392194497761,303,4,676,580
67.75,0.9869281045751634,0.3084780388151175,0.4700389105058367,0.564299424184261,302,4,677,580
68.0,0.9868421052631579,0.30643513789581206,0.46765393608729544,0.5630198336532309,300,4,679,580
68.12,0.9867986798679867,0.3054136874361593,0.46645865834633377,0.5623800383877159,299,4,680,580
68.22,0.9867549668874173,0.30439223697650664,0.4652615144418422,0.5617402431222009,298,4,681,580
68.49,0.9867109634551495,0.30337078651685395,0.46406250000000004,0.5611004478566859,297,4,682,580
68.61,0.9866666666666667,0.3023493360572012,0.4628616106333073,0.5604606525911708,296,4,683,580
68.64,0.9866220735785953,0.30132788559754853,0.4616588419405321,0.5598208573256558,295,4,684,580
68.68,0.9865319865319865,0.2992849846782431,0.4592476489028213,0.5585412667946257,293,4,686,580
68.71,0.9864864864864865,0.2982635342185904,0.4580392156862745,0.5579014715291107,292,4,687,580
69.0,0.9864406779661017,0.2972420837589377,0.456828885400314,0.5572616762635957,291,4,688,580
69.09,0.9863945578231292,0.296220633299285,0.45561665357423414,0.5566218809980806,290,4,689,580
69.21,0.9863481228668942,0.29519918283963226,0.45440251572327034,0.5559820857325656,289,4,690,580
69.4,0.9863013698630136,0.2941777323799796,0.45318646734854445,0.5553422904670505,288,4,691,580
69.43,0.9862542955326461,0.2931562819203269,0.45196850393700794,0.5547024952015355,287,4,692,580
69.45,0.9896551724137931,0.2931562819203269,0.4523246650906225,0.5553422904670505,287,3,692,581
69.66,0.9896193771626297,0.29213483146067415,0.45110410094637227,0.5547024952015355,286,3,693,581
69.71,0.9895833333333334,0.29111338100102147,0.44988161010260463,0.5540626999360204,285,3,694,581
69.84,0.9895470383275261,0.2900919305413687,0.44865718799368093,0.5534229046705055,284,3,695,581
69.86,0.9895104895104895,0.28907048008171604,0.4474308300395257,0.5527831094049904,283,3,696,581
70.1,0.9894366197183099,0.2870275791624106,0.4449722882026919,0.5515035188739603,281,3,698,581
70.12,0.9893617021276596,0.2849846782431052,0.44250594766058676,0.5502239283429302,279,3,700,581
70.15,0.9893238434163701,0.2839632277834525,0.4412698412698412,0.5495841330774153,278,3,701,581
70.16,0.9891696750902527,0.27987742594484166,0.4363057324840764,0.5470249520153551,274,3,705,581
70.17,0.9891304347826086,0.278855975485189,0.4350597609561753,0.54638515674984,273,3,706,581
70.19,0.9890510948905109,0.27681307456588355,0.43256185155626503,0.54510556621881,271,3,708,581
70.26,0.989010989010989,0.27579162410623087,0.4313099041533547,0.544465770953295,270,3,709,581
70.27,0.9889705882352942,0.27477017364657813,0.43005595523581136,0.5438259756877799,269,3,710,581
70.31,0.988929889298893,0.27374872318692545,0.4288,0.5431861804222649,268,3,711,581
70.32,0.9888888888888889,0.2727272727272727,0.4275420336269015,0.5425463851567498,267,3,712,581
70.6,0.9888475836431226,0.27170582226762,0.4262820512820513,0.5419065898912349,266,3,713,581
70.71,0.9888059701492538,0.27068437180796734,0.4250200481154771,0.5412667946257198,265,3,714,581
70.78,0.9887640449438202,0.2696629213483146,0.4237560192616372,0.5406269993602048,264,3,715,581
70.79,0.9887218045112782,0.2686414708886619,0.42248995983935744,0.5399872040946897,263,3,716,581
70.91,0.9886792452830189,0.2676200204290092,0.42122186495176844,0.5393474088291746,262,3,717,581
70.96,0.9886363636363636,0.2665985699693565,0.419951729686243,0.5387076135636596,261,3,718,581
71.1,0.9885931558935361,0.26557711950970375,0.41867954911433164,0.5380678182981445,260,3,719,581
71.13,0.9885496183206107,0.26455566905005107,0.4174053182917002,0.5374280230326296,259,3,720,581
71.14,0.9885057471264368,0.2635342185903984,0.4161290322580645,0.5367882277671145,258,3,721,581
71.28,0.9884615384615385,0.26251276813074564,0.41485068603712666,0.5361484325015995,257,3,722,581
71.31,0.9883720930232558,0.2604698672114402,0.41228779304769597,0.5348688419705694,255,3,724,581
71.34,0.9883268482490273,0.25944841675178754,0.4110032362459547,0.5342290467050543,254,3,725,581
71.35,0.98828125,0.25842696629213485,0.40971659919028347,0.5335892514395394,253,3,726,581
71.41,0.9882352941176471,0.2574055158324821,0.4084278768233387,0.5329494561740243,252,3,727,581
71.46,0.9881889763779528,0.25638406537282943,0.4071370640713707,0.5323096609085093,251,3,728,581
71.48,0.9881422924901185,0.2553626149131767,0.4058441558441558,0.5316698656429942,250,3,729,581
71.64,0.9880952380952381,0.254341164453524,0.40454914703493094,0.5310300703774792,249,3,730,581
71.7,0.9880478087649402,0.2533197139938713,0.4032520325203252,0.5303902751119641,248,3,731,581
71.71,0.9879518072289156,0.2512768130745659,0.4006514657980456,0.5291106845809341,246,3,733,581
71.78,0.9879032258064516,0.25025536261491316,0.39934800325998365,0.5284708893154191,245,3,734,581
71.84,0.9878542510121457,0.24923391215526047,0.39804241435562804,0.527831094049904,244,3,735,581
71.88,0.9878048780487805,0.24821246169560776,0.39673469387755095,0.527191298784389,243,3,736,581
72.0,0.9877551020408163,0.24719101123595505,0.3954248366013072,0.5265515035188739,242,3,737,581
72.03,0.9876543209876543,0.24514811031664965,0.3927986906710311,0.5252719129878439,240,3,739,581
72.08,0.987603305785124,0.24412665985699694,0.39148239148239145,0.5246321177223289,239,3,740,581
72.18,0.9875518672199171,0.24310520939734423,0.39016393442622954,0.5239923224568138,238,3,741,581
72.19,0.9875,0.24208375893769152,0.3888433141919606,0.5233525271912988,237,3,742,581
72.2,0.9874476987447699,0.2410623084780388,0.3875205254515599,0.5227127319257837,236,3,743,581
72.23,0.9873949579831933,0.24004085801838612,0.3861955628594906,0.5220729366602687,235,3,744,581
72.24,0.9873417721518988,0.2390194075587334,0.3848684210526316,0.5214331413947537,234,3,745,581
72.26,0.9872881355932204,0.2379979570990807,0.3835390946502058,0.5207933461292387,233,3,746,581
72.28,0.9872340425531915,0.236976506639428,0.38220757825370677,0.5201535508637236,232,3,747,581
72.29,0.9871794871794872,0.23595505617977527,0.3808738664468261,0.5195137555982086,231,3,748,581
72.32,0.9871244635193133,0.23493360572012256,0.3795379537953795,0.5188739603326935,230,3,749,581
72.36,0.987012987012987,0.23289070480081717,0.3768595041322314,0.5175943698016635,228,3,751,581
72.39,0.9869565217391304,0.23186925434116445,0.37551695616211744,0.5169545745361485,227,3,752,581
72.43,0.9868995633187773,0.23084780388151174,0.37417218543046354,0.5163147792706334,226,3,753,581
72.46,0.9868421052631579,0.22982635342185903,0.3728251864125932,0.5156749840051184,225,3,754,581
72.47,0.986784140969163,0.22880490296220635,0.37147595356550583,0.5150351887396033,224,3,755,581
72.54,0.9866666666666667,0.22676200204290092,0.3687707641196013,0.5137555982085733,222,3,757,581
72.56,0.9866071428571429,0.2257405515832482,0.3674147963424772,0.5131158029430583,221,3,758,581
72.59,0.9865470852017937,0.2247191011235955,0.36605657237936773,0.5124760076775432,220,3,759,581
72.6,0.9864864864864865,0.2236976506639428,0.3646960865945046,0.5118362124120281,219,3,760,581
72.66,0.9864253393665159,0.2226762002042901,0.36333333333333334,0.5111964171465131,218,3,761,581
72.7,0.9863636363636363,0.2216547497446374,0.3619683069224353,0.510556621880998,217,3,762,581
72.71,0.9863013698630136,0.22063329928498468,0.3606010016694491,0.5099168266154831,216,3,763,581
72.76,0.9862385321100917,0.21961184882533197,0.3592314118629908,0.509277031349968,215,3,764,581
72.84,0.9861751152073732,0.21859039836567926,0.35785953177257523,0.508637236084453,214,3,765,581
72.9,0.985981308411215,0.21552604698672115,0.35373009220452645,0.5067178502879078,211,3,768,581
72.92,0.9859154929577465,0.21450459652706844,0.3523489932885906,0.5060780550223928,210,3,769,581
72.97,0.985781990521327,0.212461695607763,0.3495798319327731,0.5047984644913628,208,3,771,581
73.01,0.9857142857142858,0.21144024514811033,0.3481917577796468,0.5041586692258477,207,3,772,581
73.04,0.9856459330143541,0.21041879468845762,0.3468013468013468,0.5035188739603327,206,3,773,581
73.08,0.9855072463768116,0.2083758937691522,0.3440134907251265,0.5022392834293026,204,3,775,581
73.11,0.9853658536585366,0.20633299284984677,0.3412162162162162,0.5009596928982726,202,3,777,581
73.12,0.9852941176470589,0.20531154239019409,0.33981403212172445,0.5003198976327575,201,3,778,581
73.18,0.9851485148514851,0.20326864147088866,0.3370025402201524,0.4990403071017274,199,3,780,581
73.21,0.985,0.20122574055158324,0.33418150975402877,0.49776071657069737,197,3,782,581
73.26,0.9849246231155779,0.20020429009193055,0.33276740237691005,0.4971209213051823,196,3,783,581
73.28,0.9848484848484849,0.19918283963227784,0.33135089209855567,0.4964811260396673,195,3,784,581
73.44,0.9846938775510204,0.19713993871297242,0.3285106382978723,0.4952015355086372,193,3,786,581
73.5,0.9846153846153847,0.1961184882533197,0.3270868824531516,0.4945617402431222,192,3,787,581
73.54,0.9845360824742269,0.195097037793667,0.32566069906223355,0.49392194497760716,191,3,788,581
73.62,0.9844559585492227,0.1940755873340143,0.3242320819112628,0.4932821497120921,190,3,789,581
73.66,0.984375,0.1930541368743616,0.322801024765158,0.4926423544465771,189,3,790,581
73.72,0.9842931937172775,0.1920326864147089,0.32136752136752134,0.49200255918106206,188,3,791,581
73.9,0.9842105263157894,0.19101123595505617,0.31993156544054746,0.491362763915547,187,3,792,581
74.01,0.9841269841269841,0.18998978549540346,0.3184931506849315,0.490722968650032,186,3,793,581
74.03,0.9840425531914894,0.18896833503575078,0.3170522707797772,0.49008317338451696,185,3,794,581
74.19,0.983957219251337,0.18794688457609807,0.3156089193825043,0.4894433781190019,184,3,795,581
74.2,0.9838709677419355,0.18692543411644535,0.3141630901287554,0.4888035828534869,183,3,796,581
74.25,0.9837837837837838,0.18590398365679264,0.31271477663230235,0.48816378758797185,182,3,797,581
74.28,0.9836956521739131,0.18488253319713993,0.3112639724849527,0.4875239923224568,181,3,798,581
74.33,0.9836065573770492,0.18386108273748722,0.3098106712564544,0.4868841970569418,180,3,799,581
74.35,0.9835164835164835,0.18283963227783454,0.30835486649440136,0.48624440179142675,179,3,800,581
74.42,0.9834254143646409,0.18181818181818182,0.306896551724138,0.4856046065259117,178,3,801,581
74.45,0.9833333333333333,0.1807967313585291,0.30543572044866263,0.4849648112603967,177,3,802,581
74.54,0.9832402234636871,0.1797752808988764,0.303972366148532,0.48432501599488165,176,3,803,581
74.55,0.9831460674157303,0.1787538304392237,0.30250648228176313,0.4836852207293666,175,3,804,581
74.58,0.9829545454545454,0.1767109295199183,0.2995670995670996,0.48240563019833654,173,3,806,581
74.62,0.9827586206896551,0.17466802860061287,0.2966175195143105,0.48112603966730644,171,3,808,581
74.66,0.9826589595375722,0.17364657814096016,0.2951388888888889,0.48048624440179144,170,3,809,581
74.74,0.9825581395348837,0.17262512768130744,0.2936576889661164,0.4798464491362764,169,3,810,581
74.89,0.9824561403508771,0.17160367722165476,0.2921739130434783,0.47920665387076133,168,3,811,581
74.93,0.9823529411764705,0.17058222676200205,0.2906875543951262,0.47856685860524634,167,3,812,581
74.97,0.9822485207100592,0.16956077630234934,0.28919860627177696,0.4779270633397313,166,3,813,581
74.98,0.9821428571428571,0.16853932584269662,0.28770706190061024,0.47728726807421623,165,3,814,581
75.02,0.9820359281437125,0.1675178753830439,0.2862129144851658,0.47664747280870123,164,3,815,581
75.07,0.9819277108433735,0.16649642492339123,0.28471615720524013,0.4760076775431862,163,3,816,581
75.14,0.9818181818181818,0.16547497446373852,0.28321678321678323,0.4753678822776711,162,3,817,581
75.28,0.9817073170731707,0.1644535240040858,0.28171478565179353,0.47472808701215613,161,3,818,581
75.3,0.9815950920245399,0.1634320735444331,0.28021015761821366,0.4740882917466411,160,3,819,581
75.31,0.9814814814814815,0.16241062308478038,0.2787028921998247,0.473448496481126,159,3,820,581
75.33,0.9813664596273292,0.16138917262512767,0.2771929824561403,0.472808701215611,158,3,821,581
75.38,0.9811320754716981,0.15934627170582227,0.2741652021089631,0.4715291106845809,156,3,823,581
75.39,0.9810126582278481,0.15832482124616956,0.2726473175021988,0.4708893154190659,155,3,824,581
75.48,0.9872611464968153,0.15832482124616956,0.272887323943662,0.4715291106845809,155,2,824,582
75.6,0.9871794871794872,0.15730337078651685,0.27136563876651987,0.4708893154190659,154,2,825,582
75.62,0.987012987012987,0.15526046986721145,0.2683142100617829,0.4696097248880358,152,2,827,582
75.65,0.9869281045751634,0.15423901940755874,0.26678445229681985,0.4689699296225208,151,2,828,582
75.72,0.9868421052631579,0.15321756894790603,0.26525198938992045,0.46833013435700577,150,2,829,582
75.85,0.9867549668874173,0.15219611848825332,0.263716814159292,0.4676903390914907,149,2,830,582
75.98,0.9866666666666667,0.1511746680286006,0.26217891939769705,0.46705054382597566,148,2,831,582
76.05,0.9865771812080537,0.1501532175689479,0.2606382978723404,0.46641074856046066,147,2,832,582
76.1,0.9864864864864865,0.1491317671092952,0.259094942324756,0.4657709532949456,146,2,833,582
76.19,0.9863945578231292,0.1481103166496425,0.25754884547069273,0.46513115802943056,145,2,834,582
76.2,0.9863013698630136,0.1470888661899898,0.256,0.46449136276391556,144,2,835,582
76.3,0.9862068965517241,0.14606741573033707,0.25444839857651247,0.4638515674984005,143,2,836,582
76.31,0.9861111111111112,0.14504596527068436,0.2528940338379341,0.46321177223288545,142,2,837,582
76.32,0.986013986013986,0.14402451481103168,0.25133689839572193,0.46257197696737046,141,2,838,582
76.39,0.9859154929577465,0.14300306435137897,0.2497769848349688,0.4619321817018554,140,2,839,582
76.41,0.9858156028368794,0.14198161389172625,0.2482142857142857,0.46129238643634035,139,2,840,582
76.47,0.9857142857142858,0.14096016343207354,0.24664879356568364,0.46065259117082535,138,2,841,582
76.54,0.9856115107913669,0.13993871297242083,0.24508050089445438,0.4600127959053103,137,2,842,582
76.72,0.9855072463768116,0.13891726251276812,0.243509400179051,0.45937300063979525,136,2,843,582
76.74,0.9850746268656716,0.1348314606741573,0.23719676549865223,0.45681381957773515,132,2,847,582
76.82,0.9849624060150376,0.1338100102145046,0.23561151079136688,0.4561740243122201,131,2,848,582
76.92,0.9848484848484849,0.13278855975485188,0.234023402340234,0.45553422904670504,130,2,849,582
77.06,0.9847328244274809,0.1317671092951992,0.23243243243243242,0.45489443378119004,129,2,850,582
77.09,0.9846153846153847,0.13074565883554648,0.2308385933273219,0.454254638515675,128,2,851,582
77.17,0.9844961240310077,0.12972420837589377,0.22924187725631767,0.45361484325015994,127,2,852,582
77.22,0.984251968503937,0.12768130745658834,0.22603978300180833,0.4523352527191299,125,2,854,582
77.28,0.9838709677419355,0.12461695607763024,0.22121486854034453,0.4504158669225848,122,2,857,582
77.3,0.983739837398374,0.12359550561797752,0.21960072595281305,0.44977607165706973,121,2,858,582
77.32,0.9836065573770492,0.12257405515832483,0.21798365122615806,0.4491362763915547,120,2,859,582
77.37,0.9834710743801653,0.12155260469867211,0.21636363636363634,0.4484964811260397,119,2,860,582
77.49,0.9833333333333333,0.1205311542390194,0.21474067333939945,0.44785668586052463,118,2,861,582
77.56,0.9831932773109243,0.1195097037793667,0.21311475409836064,0.4472168905950096,117,2,862,582
77.65,0.9830508474576272,0.118488253319714,0.211485870556062,0.4465770953294946,116,2,863,582
77.67,0.9829059829059829,0.11746680286006128,0.20985401459854014,0.4459373000639795,115,2,864,582
77.68,0.9827586206896551,0.11644535240040858,0.20821917808219176,0.44529750479846447,114,2,865,582
77.72,0.9826086956521739,0.11542390194075587,0.20658135283363804,0.4446577095329495,113,2,866,582
77.74,0.9824561403508771,0.11440245148110317,0.20494053064958828,0.4440179142674344,112,2,867,582
77.82,0.9823008849557522,0.11338100102145046,0.2032967032967033,0.44337811900191937,111,2,868,582
77.86,0.9821428571428571,0.11235955056179775,0.2016498625114574,0.44273832373640437,110,2,869,582
77.88,0.9819819819819819,0.11133810010214505,0.2,0.4420985284708893,109,2,870,582
77.92,0.9818181818181818,0.11031664964249234,0.1983471074380165,0.44145873320537427,108,2,871,582
77.93,0.9814814814814815,0.10827374872318693,0.19503219871205152,0.4401791426743442,106,2,873,582
78.13,0.9813084112149533,0.10725229826353422,0.19337016574585636,0.43953934740882916,105,2,874,582
78.15,0.9811320754716981,0.1062308478038815,0.19170506912442395,0.43889955214331416,104,2,875,582
78.21,0.9809523809523809,0.10520939734422881,0.19003690036900367,0.4382597568777991,103,2,876,582
78.4,0.9805825242718447,0.10316649642492338,0.18669131238447317,0.43698016634676906,101,2,878,582
78.41,0.98,0.10010214504596528,0.18164967562557924,0.4350607805502239,98,2,881,582
78.42,0.9797979797979798,0.09908069458631256,0.17996289424860853,0.4344209852847089,97,2,882,582
78.43,0.9795918367346939,0.09805924412665985,0.17827298050139273,0.43378119001919385,96,2,883,582
78.46,0.979381443298969,0.09703779366700716,0.17657992565055763,0.4331413947536788,95,2,884,582
78.5,0.9789473684210527,0.09499489274770173,0.17318435754189945,0.43186180422264875,93,2,886,582
78.54,0.9787234042553191,0.09397344228804903,0.17148182665424047,0.4312220089571337,92,2,887,582
78.58,0.978494623655914,0.09295199182839632,0.16977611940298507,0.4305822136916187,91,2,888,582
78.64,0.9782608695652174,0.09193054136874361,0.1680672268907563,0.42994241842610365,90,2,889,582
78.67,0.978021978021978,0.09090909090909091,0.16635514018691588,0.4293026231605886,89,2,890,582
78.74,0.9772727272727273,0.08784473953013279,0.16119962511715089,0.4273832373640435,86,2,893,582
78.75,0.9767441860465116,0.08580183861082738,0.15774647887323945,0.42610364683301344,84,2,895,582
79.06,0.9764705882352941,0.08478038815117467,0.15601503759398497,0.4254638515674984,83,2,896,582
79.25,0.9761904761904762,0.08375893769152196,0.15428033866415805,0.4248240563019834,82,2,897,582
79.27,0.9759036144578314,0.08273748723186926,0.15254237288135594,0.42418426103646834,81,2,898,582
79.36,0.975609756097561,0.08171603677221655,0.15080113100848258,0.4235444657709533,80,2,899,582
79.61,0.9753086419753086,0.08069458631256383,0.1490566037735849,0.4229046705054383,79,2,900,582
79.71,0.975,0.07967313585291114,0.14730878186968838,0.42226487523992323,78,2,901,582
79.84,0.9746835443037974,0.07865168539325842,0.14555765595463135,0.4216250799744082,77,2,902,582
79.85,0.9743589743589743,0.07763023493360573,0.1438032166508988,0.4209852847088932,76,2,903,582
79.88,0.974025974025974,0.07660878447395301,0.14204545454545456,0.42034548944337813,75,2,904,582
79.89,0.9736842105263158,0.0755873340143003,0.14028436018957346,0.4197056941778631,74,2,905,582
80.07,0.9733333333333334,0.0745658835546476,0.13851992409867173,0.419065898912348,73,2,906,582
80.12,0.972972972972973,0.0735444330949949,0.13675213675213677,0.418426103646833,72,2,907,582
80.16,0.9726027397260274,0.07252298263534218,0.13498098859315588,0.417786308381318,71,2,908,582
80.2,0.9722222222222222,0.07150153217568948,0.13320647002854424,0.4171465131158029,70,2,909,582
80.32,0.971830985915493,0.07048008171603677,0.13142857142857142,0.4165067178502879,69,2,910,582
80.43,0.9714285714285714,0.06945863125638406,0.12964728312678742,0.41586692258477287,68,2,911,582
80.56,0.9710144927536232,0.06843718079673136,0.12786259541984735,0.4152271273192578,67,2,912,582
80.63,0.9705882352941176,0.06741573033707865,0.1260744985673352,0.4145873320537428,66,2,913,582
80.66,0.9701492537313433,0.06639427987742594,0.124282982791587,0.41394753678822777,65,2,914,582
80.74,0.9696969696969697,0.06537282941777324,0.12248803827751194,0.4133077415227127,64,2,915,582
80.75,0.9692307692307692,0.06435137895812053,0.12068965517241377,0.4126679462571977,63,2,916,582
80.88,0.9682539682539683,0.06230847803881512,0.11708253358925144,0.4113883557261676,61,2,918,582
81.04,0.9672131147540983,0.0602655771195097,0.11346153846153845,0.41010876519513756,59,2,920,582
81.1,0.9666666666666667,0.059244126659857,0.11164581328200193,0.4094689699296225,58,2,921,582
81.19,0.9655172413793104,0.05720122574055159,0.10800385728061718,0.40818937939859246,56,2,923,582
81.21,0.9649122807017544,0.056179775280898875,0.10617760617760617,0.4075495841330774,55,2,924,582
81.28,0.9642857142857143,0.05515832482124617,0.1043478260869565,0.4069097888675624,54,2,925,582
81.39,0.9636363636363636,0.054136874361593465,0.10251450676982592,0.40626999360204735,53,2,926,582
81.48,0.9629629629629629,0.05311542390194075,0.10067763794772507,0.4056301983365323,52,2,927,582
81.51,0.9622641509433962,0.05209397344228805,0.09883720930232558,0.4049904030710173,51,2,928,582
81.61,0.9615384615384616,0.05107252298263534,0.09699321047526674,0.40435060780550225,50,2,929,582
81.64,0.9607843137254902,0.05005107252298264,0.09514563106796116,0.4037108125399872,49,2,930,582
81.73,0.96,0.049029622063329927,0.09329446064139942,0.40307101727447214,48,2,931,582
81.78,0.9591836734693877,0.04800817160367722,0.09143968871595329,0.40243122200895715,47,2,932,582
81.99,0.9791666666666666,0.04800817160367722,0.09152872444011684,0.40307101727447214,47,1,932,583
82.1,0.9787234042553191,0.04698672114402452,0.08966861598440547,0.40243122200895715,46,1,933,583
82.11,0.9782608695652174,0.045965270684371805,0.08780487804878048,0.4017914267434421,45,1,934,583
82.12,0.9777777777777777,0.0449438202247191,0.0859375,0.40115163147792704,44,1,935,583
82.18,0.9772727272727273,0.043922369765066395,0.08406647116324535,0.40051183621241204,43,1,936,583
82.42,0.9767441860465116,0.04290091930541369,0.08219178082191782,0.399872040946897,42,1,937,583
82.43,0.9761904761904762,0.04187946884576098,0.08031341821743387,0.39923224568138194,41,1,938,583
82.44,0.975609756097561,0.04085801838610827,0.0784313725490196,0.39859245041586694,40,1,939,583
82.5,0.975,0.03983656792645557,0.07654563297350345,0.3979526551503519,39,1,940,583
82.57,0.9743589743589743,0.03881511746680286,0.07465618860510806,0.39731285988483683,38,1,941,583
82.64,0.9736842105263158,0.03779366700715015,0.0727630285152409,0.39667306461932184,37,1,942,583
82.92,0.972972972972973,0.03677221654749745,0.07086614173228346,0.3960332693538068,36,1,943,583
83.06,0.9714285714285714,0.03472931562819203,0.06706114398422092,0.39475367882277673,34,1,945,583
83.07,0.9705882352941176,0.033707865168539325,0.06515301085883514,0.3941138835572617,33,1,946,583
83.09,0.9696969696969697,0.03268641470888662,0.06324110671936758,0.3934740882917466,32,1,947,583
83.14,1.0,0.03268641470888662,0.0633036597428289,0.3941138835572617,32,0,947,584
83.16,1.0,0.031664964249233915,0.06138613861386139,0.3934740882917466,31,0,948,584
83.23,1.0,0.030643513789581207,0.05946481665014866,0.39283429302623163,30,0,949,584
83.24,1.0,0.0296220633299285,0.05753968253968254,0.3921944977607166,29,0,950,584
83.56,1.0,0.028600612870275793,0.055610724925521354,0.3915547024952015,28,0,951,584
83.68,1.0,0.027579162410623085,0.05367793240556659,0.3909149072296865,27,0,952,584
83.71,1.0,0.026557711950970377,0.051741293532338306,0.3902751119641715,26,0,953,584
83.72,1.0,0.02553626149131767,0.049800796812749,0.3896353166986564,25,0,954,584
84.02,1.0,0.024514811031664963,0.047856430707876374,0.3889955214331414,24,0,955,584
84.37,1.0,0.02349336057201226,0.04590818363273454,0.38835572616762637,23,0,956,584
84.77,1.0,0.021450459652706845,0.04200000000000001,0.38707613563659626,21,0,958,584
84.94,1.0,0.020429009193054137,0.04004004004004004,0.38643634037108127,20,0,959,584
85.06,1.0,0.01940755873340143,0.03807615230460922,0.3857965451055662,19,0,960,584
85.75,1.0,0.018386108273748723,0.03610832497492478,0.38515674984005116,18,0,961,584
85.93,1.0,0.017364657814096015,0.03413654618473895,0.38451695457453616,17,0,962,584
86.01,1.0,0.01634320735444331,0.0321608040201005,0.3838771593090211,16,0,963,584
86.09,1.0,0.015321756894790603,0.03018108651911469,0.38323736404350606,15,0,964,584
86.15,1.0,0.014300306435137897,0.028197381671701913,0.38259756877799106,14,0,965,584
86.19,1.0,0.013278855975485188,0.026209677419354836,0.381957773512476,13,0,966,584
86.27,1.0,0.012257405515832482,0.02421796165489405,0.38131797824696095,12,0,967,584
86.29,1.0,0.011235955056179775,0.02222222222222222,0.38067818298144596,11,0,968,584
86.3,1.0,0.010214504596527068,0.020222446916076844,0.3800383877159309,10,0,969,584
86.33,1.0,0.009193054136874362,0.01821862348178138,0.37939859245041585,9,0,970,584
86.59,1.0,0.008171603677221655,0.016210739614994935,0.37875879718490085,8,0,971,584
87.17,1.0,0.007150153217568948,0.014198782961460448,0.3781190019193858,7,0,972,584
87.37,1.0,0.006128702757916241,0.012182741116751269,0.37747920665387075,6,0,973,584
87.53,1.0,0.005107252298263534,0.01016260162601626,0.37683941138835575,5,0,974,584
87.6,1.0,0.0040858018386108275,0.008138351983723298,0.3761996161228407,4,0,975,584
88.57,1.0,0.0030643513789581204,0.006109979633401222,0.37555982085732564,3,0,976,584
89.08,1.0,0.0020429009193054137,0.004077471967380224,0.37492002559181065,2,0,977,584
90.12,1.0,0.0010214504596527069,0.0020408163265306124,0.3742802303262956,1,0,978,584
