idx,true_stable_temp_c,basis,label,pred_tm_ensemble,tm_lightgbm,tm_xgboost,tm_catboost
0,70.0,stable_evidence,positive,81.51,80.01,82.4,82.13
1,75.0,stable_evidence,positive,71.64,70.37,72.51,72.04
2,70.0,inactivation_onset,positive,73.12,71.63,73.31,74.43
3,90.0,stable_evidence,positive,79.25,77.51,79.36,80.88
4,40.0,stable_evidence,negative,46.58,45.98,47.65,46.11
5,25.0,stable_evidence,negative,44.56,45.18,43.42,45.09
6,25.0,inactivation_onset,negative,50.17,50.57,50.55,49.39
7,50.0,inactivation_onset,ambiguous,55.53,55.76,56.8,54.03
8,25.0,stable_evidence,negative,46.99,46.12,47.24,47.6
9,65.0,inactivation_onset,positive,75.33,74.16,74.56,77.26
10,55.0,inactivation_onset,ambiguous,50.46,50.82,49.83,50.73
11,80.0,stable_evidence,positive,77.09,75.54,76.68,79.04
12,100.0,inactivation_onset,positive,75.48,75.42,76.97,74.03
13,30.0,inactivation_onset,negative,49.93,48.67,50.27,50.85
14,62.6,inactivation_onset,positive,70.27,70.86,70.29,69.65
15,95.0,inactivation_onset,positive,77.06,75.27,78.32,77.6
16,70.0,inactivation_onset,positive,71.13,70.28,72.78,70.33
17,85.0,inactivation_onset,positive,71.7,72.12,70.92,72.07
18,25.0,inactivation_onset,negative,53.75,52.95,53.04,55.24
19,40.0,inactivation_onset,negative,46.29,46.15,45.86,46.86
20,38.0,Tm_wt,negative,50.81,49.62,50.35,52.46
21,60.0,stable_evidence,positive,64.63,64.33,65.69,63.86
22,85.0,inactivation_onset,positive,85.75,85.51,86.1,85.64
23,85.0,inactivation_onset,positive,70.1,70.93,72.81,66.57
24,55.3,stable_evidence,ambiguous,66.06,67.82,66.11,64.24
25,50.0,inactivation_onset,ambiguous,50.97,52.33,50.76,49.8
26,56.0,Tm,ambiguous,45.4,45.75,45.13,45.33
27,65.0,stable_evidence,positive,51.59,53.09,50.82,50.85
28,50.0,stable_evidence,ambiguous,51.13,50.91,51.51,50.98
29,90.0,stable_evidence,positive,79.71,80.16,78.8,80.18
30,65.0,inactivation_onset,positive,53.48,54.69,53.98,51.78
31,50.0,stable_evidence,ambiguous,50.89,51.35,50.88,50.45
32,52.0,Tm_wt,ambiguous,46.58,45.98,47.65,46.11
33,90.0,stable_evidence,positive,83.14,82.65,84.98,81.79
34,47.0,Tm,ambiguous,44.51,44.57,45.05,43.91
35,35.0,stable_evidence,negative,45.91,46.17,44.9,46.65
36,47.0,Tm,ambiguous,44.52,44.78,44.67,44.1
37,85.0,stable_evidence,positive,83.07,86.17,80.81,82.22
38,60.0,inactivation_onset,positive,48.8,48.3,48.85,49.26
39,40.0,inactivation_onset,negative,47.92,47.21,48.09,48.46
40,103.0,Tm,positive,83.16,84.99,83.88,80.62
41,83.0,inactivation_onset,positive,84.94,84.55,84.46,85.81
42,80.0,stable_evidence,positive,84.37,85.72,84.56,82.82
43,50.0,inactivation_onset,ambiguous,52.83,54.28,52.21,52.0
44,65.0,stable_evidence,positive,63.76,61.93,64.58,64.79
45,37.0,inactivation_onset,negative,56.17,54.56,56.6,57.35
46,37.0,inactivation_onset,negative,51.39,49.45,52.1,52.61
47,60.0,stable_evidence,positive,48.85,49.18,49.29,48.06
48,80.0,stable_evidence,positive,47.18,47.22,46.96,47.34
49,50.0,stable_evidence,ambiguous,62.26,63.51,62.09,61.19
50,80.0,stable_evidence,positive,86.29,86.04,86.8,86.02
51,64.0,Tm,positive,60.53,60.83,62.29,58.48
52,37.0,stable_evidence,negative,56.06,56.54,54.62,57.01
53,85.0,stable_evidence,positive,70.78,69.05,74.91,68.38
54,30.0,inactivation_onset,negative,81.78,81.91,81.92,81.5
55,60.0,stable_evidence,positive,57.98,55.83,58.12,59.98
56,90.0,stable_evidence,positive,86.33,86.27,86.1,86.62
57,70.0,stable_evidence,positive,74.58,74.93,74.56,74.25
58,39.0,stable_evidence,negative,56.03,54.17,55.1,58.82
59,53.4,Tm_wt,ambiguous,53.24,52.05,52.7,54.96
60,30.0,inactivation_onset,negative,49.6,49.41,49.32,50.07
61,57.0,stable_evidence,ambiguous,56.18,54.9,56.37,57.26
62,40.0,stable_evidence,negative,44.52,44.78,44.67,44.1
63,40.0,stable_evidence,negative,44.51,44.57,45.05,43.91
64,90.0,stable_evidence,positive,76.19,77.69,74.9,75.99
65,50.0,inactivation_onset,ambiguous,75.64,78.0,74.94,73.97
66,82.0,Tm_wt,positive,85.06,83.7,85.18,86.3
67,60.0,inactivation_onset,positive,50.02,50.4,51.21,48.44
68,30.0,stable_evidence,negative,49.48,48.26,50.38,49.78
69,34.5,Tm,negative,55.88,56.0,55.67,55.98
70,58.0,Tm,ambiguous,49.93,50.68,48.61,50.5
71,30.0,stable_evidence,negative,51.07,51.29,50.61,51.3
72,40.0,stable_evidence,negative,51.13,51.28,49.56,52.55
73,40.0,stable_evidence,negative,51.13,50.91,51.51,50.98
74,37.0,inactivation_onset,negative,52.63,52.46,51.55,53.88
75,45.0,inactivation_onset,negative,52.5,52.76,52.9,51.83
76,50.5,Tm,ambiguous,49.63,50.43,49.51,48.94
77,45.0,inactivation_onset,negative,49.55,49.79,49.49,49.36
78,50.0,stable_evidence,ambiguous,47.82,47.59,48.02,47.84
79,90.0,stable_evidence,positive,71.48,71.33,70.71,72.39
80,98.0,stable_evidence,positive,75.3,74.17,75.21,76.52
81,49.9,Tm,ambiguous,49.44,49.21,49.87,49.23
82,40.0,stable_evidence,negative,47.09,45.81,47.63,47.83
83,55.0,stable_evidence,ambiguous,50.05,48.58,50.62,50.96
84,50.0,inactivation_onset,ambiguous,62.23,63.3,62.76,60.62
85,104.0,Tm_wt,positive,80.12,81.63,79.87,78.86
86,33.0,inactivation_onset,negative,48.56,48.44,48.59,48.66
87,45.0,inactivation_onset,negative,44.77,44.82,43.07,46.43
88,98.0,Tm,positive,72.18,73.41,71.91,71.23
89,70.0,Tm,positive,51.12,51.92,49.13,52.32
90,38.0,inactivation_onset,negative,51.1,50.86,50.88,51.56
91,40.0,inactivation_onset,negative,46.94,46.99,47.14,46.68
92,85.0,Tm,positive,51.67,52.15,52.51,50.35
93,90.0,inactivation_onset,positive,67.58,66.99,67.8,67.96
94,110.0,Tm,positive,82.42,84.35,82.36,80.56
95,36.5,Tm,negative,49.54,49.42,49.96,49.24
96,80.0,stable_evidence,positive,65.84,66.12,66.14,65.28
97,85.0,inactivation_onset,positive,70.1,70.93,72.81,66.57
98,30.0,inactivation_onset,negative,47.74,48.54,47.59,47.08
99,60.0,stable_evidence,positive,50.22,50.23,50.9,49.52
100,65.0,stable_evidence,positive,50.23,51.98,49.11,49.61
101,25.0,inactivation_onset,negative,52.23,52.76,51.75,52.17
102,60.0,stable_evidence,positive,57.19,56.54,57.44,57.59
103,50.0,inactivation_onset,ambiguous,50.66,51.82,48.86,51.31
104,50.0,inactivation_onset,ambiguous,50.29,51.47,49.05,50.36
105,54.8,Tm_wt,ambiguous,53.2,53.12,51.72,54.76
106,25.0,inactivation_onset,negative,48.39,49.67,47.88,47.63
107,80.0,inactivation_onset,positive,64.01,66.07,63.47,62.48
108,70.0,inactivation_onset,positive,75.98,76.06,77.83,74.07
109,104.0,Tm,positive,84.37,85.72,84.56,82.82
110,50.0,stable_evidence,ambiguous,48.57,47.95,48.64,49.11
111,100.0,stable_evidence,positive,76.74,75.89,75.99,78.34
112,40.0,inactivation_onset,negative,57.62,56.74,58.92,57.2
113,55.0,inactivation_onset,ambiguous,50.46,50.82,49.83,50.73
114,50.0,stable_evidence,ambiguous,45.11,45.45,44.98,44.91
115,74.3,Tm_wt,positive,44.52,45.18,44.13,44.25
116,40.0,Tm,negative,45.53,46.29,45.09,45.22
117,32.0,Tm_wt,negative,51.31,51.13,52.68,50.11
118,45.0,stable_evidence,negative,44.15,43.76,45.6,43.09
119,58.0,Tm_wt,ambiguous,45.54,45.55,45.86,45.22
120,32.0,Tm_wt,negative,51.31,51.13,52.68,50.11
121,80.0,inactivation_onset,positive,51.23,51.16,51.37,51.16
122,39.0,Tm,negative,56.53,55.93,56.64,57.02
123,50.6,Tm_wt,ambiguous,47.68,48.14,49.12,45.79
124,25.0,inactivation_onset,negative,60.58,57.85,60.8,63.09
125,60.0,stable_evidence,positive,64.17,63.79,66.16,62.55
126,70.0,inactivation_onset,positive,48.24,48.0,48.19,48.52
127,60.5,Tm,positive,48.48,48.8,48.25,48.4
128,60.0,stable_evidence,positive,54.74,54.47,54.38,55.36
129,85.0,stable_evidence,positive,53.53,51.74,54.14,54.7
130,40.0,inactivation_onset,negative,55.51,56.49,54.27,55.76
131,50.0,stable_evidence,ambiguous,52.76,52.87,53.0,52.41
132,30.0,inactivation_onset,negative,46.47,46.6,47.0,45.8
133,63.0,Tm_wt,positive,48.14,48.38,49.43,46.62
134,60.0,inactivation_onset,positive,49.05,49.44,49.85,47.86
135,48.0,Tm,ambiguous,54.52,53.14,55.84,54.6
136,25.0,inactivation_onset,negative,49.32,49.21,49.65,49.09
137,40.0,inactivation_onset,negative,50.82,51.29,50.66,50.52
138,55.0,stable_evidence,ambiguous,51.23,52.24,51.44,50.01
139,100.0,inactivation_onset,positive,68.68,67.34,67.31,71.37
140,20.0,stable_evidence,negative,49.61,49.29,49.95,49.58
141,45.0,inactivation_onset,negative,46.57,46.68,46.69,46.34
142,40.0,Tm,negative,49.0,49.77,49.51,47.73
143,40.0,Tm,negative,47.48,48.08,47.79,46.57
144,50.0,inactivation_onset,ambiguous,50.18,50.56,49.55,50.43
145,65.0,Tm,positive,47.94,48.08,48.3,47.44
146,40.0,inactivation_onset,negative,49.11,48.97,49.9,48.44
147,66.0,Tm,positive,45.71,46.1,45.64,45.39
148,66.0,Tm,positive,46.29,47.24,46.45,45.17
149,66.0,Tm,positive,46.73,47.42,46.37,46.41
150,80.0,stable_evidence,positive,82.43,84.5,84.34,78.43
151,80.0,stable_evidence,positive,77.56,81.47,76.69,74.53
152,83.0,inactivation_onset,positive,80.07,81.4,79.95,78.85
153,80.0,stable_evidence,positive,83.72,86.0,84.84,80.33
154,25.0,inactivation_onset,negative,47.96,47.76,48.81,47.31
155,25.0,inactivation_onset,negative,47.04,47.03,47.32,46.78
156,70.0,stable_evidence,positive,48.57,47.4,49.19,49.12
157,80.0,inactivation_onset,positive,55.13,56.14,55.32,53.93
158,80.0,inactivation_onset,positive,46.98,46.53,47.49,46.92
159,70.0,inactivation_onset,positive,54.34,55.16,54.95,52.92
160,40.0,inactivation_onset,negative,57.99,57.9,60.72,55.36
161,60.0,stable_evidence,positive,46.33,45.68,47.74,45.58
162,20.0,inactivation_onset,negative,49.06,49.39,50.06,47.72
163,65.0,inactivation_onset,positive,80.88,81.42,80.56,80.66
164,60.0,stable_evidence,positive,50.07,50.88,50.82,48.52
165,60.0,stable_evidence,positive,54.62,55.27,55.71,52.88
166,50.0,stable_evidence,ambiguous,48.05,47.1,48.06,48.98
167,40.0,inactivation_onset,negative,47.49,46.3,48.88,47.3
168,25.0,inactivation_onset,negative,58.63,58.64,58.51,58.73
169,100.0,inactivation_onset,positive,49.14,49.27,50.27,47.89
170,50.0,Tm,ambiguous,51.12,51.78,52.02,49.57
171,60.0,stable_evidence,positive,50.37,50.21,51.23,49.66
172,60.0,inactivation_onset,positive,47.12,46.76,48.1,46.49
173,50.0,stable_evidence,ambiguous,53.96,55.9,53.22,52.76
174,70.0,inactivation_onset,positive,57.91,58.07,58.16,57.5
175,37.0,stable_evidence,negative,62.32,63.45,61.81,61.72
176,55.0,stable_evidence,ambiguous,54.07,54.79,57.85,49.57
177,50.0,stable_evidence,ambiguous,47.62,47.29,47.64,47.91
178,70.0,stable_evidence,positive,46.61,46.95,46.84,46.04
179,60.0,stable_evidence,positive,48.84,49.96,49.23,47.34
180,45.0,stable_evidence,negative,47.96,48.8,47.24,47.85
181,60.0,stable_evidence,positive,48.54,47.34,50.81,47.48
182,63.0,Tm,positive,48.54,49.15,48.86,47.6
183,30.0,inactivation_onset,negative,48.65,47.29,51.55,47.1
184,50.0,stable_evidence,ambiguous,48.95,46.63,52.55,47.65
185,63.0,Tm,positive,48.54,49.15,48.86,47.6
186,79.0,Tm,positive,48.85,49.64,49.71,47.19
187,58.0,Tm_wt,ambiguous,50.02,50.23,52.45,47.37
188,60.0,stable_evidence,positive,47.19,45.5,48.89,47.18
189,60.0,stable_evidence,positive,56.29,56.46,54.88,57.54
190,60.0,stable_evidence,positive,58.53,58.66,60.13,56.8
191,40.0,stable_evidence,negative,50.0,50.48,51.16,48.35
192,65.0,stable_evidence,positive,46.09,45.02,45.95,47.31
193,60.0,Tm_wt,positive,50.76,50.54,51.24,50.49
194,100.0,stable_evidence,positive,64.36,66.28,63.42,63.39
195,100.0,stable_evidence,positive,63.94,62.63,64.26,64.91
196,60.0,inactivation_onset,positive,50.58,50.7,50.22,50.84
197,80.0,inactivation_onset,positive,53.4,53.78,53.52,52.89
198,90.0,inactivation_onset,positive,71.34,72.63,71.67,69.73
199,40.0,stable_evidence,negative,48.95,47.06,50.15,49.63
200,40.0,inactivation_onset,negative,50.26,50.32,49.91,50.56
201,30.0,inactivation_onset,negative,51.13,51.74,50.71,50.95
202,50.0,stable_evidence,ambiguous,48.38,48.13,47.99,49.04
203,90.0,inactivation_onset,positive,61.99,62.87,60.95,62.14
204,70.0,stable_evidence,positive,58.06,58.03,57.27,58.87
205,68.0,stable_evidence,positive,45.38,44.15,46.89,45.12
206,60.0,inactivation_onset,positive,46.47,47.61,45.82,45.98
207,82.0,Tm,positive,47.98,49.13,47.66,47.15
208,60.0,stable_evidence,positive,46.47,47.61,45.82,45.98
209,20.0,inactivation_onset,negative,47.18,49.08,46.19,46.29
210,91.0,Tm_wt,positive,53.74,53.32,53.28,54.62
211,60.0,inactivation_onset,positive,44.66,45.36,43.54,45.07
212,75.0,inactivation_onset,positive,54.78,56.31,53.66,54.38
213,40.0,inactivation_onset,negative,52.44,53.96,51.82,51.55
214,25.0,inactivation_onset,negative,50.66,51.1,49.74,51.13
215,30.0,inactivation_onset,negative,57.13,58.79,55.96,56.64
216,60.0,inactivation_onset,positive,62.86,65.1,63.56,59.91
217,60.0,inactivation_onset,positive,53.46,52.33,54.34,53.72
218,60.0,stable_evidence,positive,62.25,62.25,61.53,62.97
219,40.0,stable_evidence,negative,51.69,52.47,50.23,52.38
220,20.0,inactivation_onset,negative,53.21,53.91,53.66,52.06
221,20.0,stable_evidence,negative,49.7,52.14,48.61,48.36
222,50.0,stable_evidence,ambiguous,47.67,47.69,47.5,47.81
223,44.0,inactivation_onset,negative,48.99,49.22,47.97,49.78
224,80.0,stable_evidence,positive,47.96,47.18,48.53,48.18
225,53.3,Tm_wt,ambiguous,46.64,45.07,46.36,48.47
226,49.1,Tm_wt,ambiguous,45.92,45.58,45.76,46.43
227,95.0,inactivation_onset,positive,47.56,47.48,47.0,48.19
228,30.0,inactivation_onset,negative,47.47,45.85,48.92,47.66
229,39.0,inactivation_onset,negative,48.99,49.22,47.97,49.78
230,77.0,Tm,positive,47.33,47.63,47.32,47.03
231,37.0,inactivation_onset,negative,44.43,45.37,44.12,43.81
232,53.5,Tm_wt,ambiguous,44.42,44.3,44.66,44.29
233,37.0,inactivation_onset,negative,43.99,43.89,43.79,44.3
234,37.0,stable_evidence,negative,44.24,44.31,44.03,44.39
235,55.0,inactivation_onset,ambiguous,43.54,44.09,43.54,42.99
236,40.0,stable_evidence,negative,44.62,45.16,44.57,44.14
237,60.0,stable_evidence,positive,44.9,45.11,44.87,44.71
238,25.0,stable_evidence,negative,49.62,48.39,49.25,51.21
239,42.2,Tm,negative,43.86,43.85,43.71,44.03
240,25.0,stable_evidence,negative,47.6,47.21,47.36,48.24
241,36.0,Tm_wt,negative,52.33,52.81,52.58,51.6
242,48.0,Tm,ambiguous,51.49,51.92,51.78,50.77
243,60.0,inactivation_onset,positive,49.23,49.66,49.47,48.55
244,46.0,Tm_wt,ambiguous,47.21,48.11,46.8,46.72
245,54.0,Tm_wt,ambiguous,53.86,54.14,52.61,54.82
246,70.0,stable_evidence,positive,56.4,54.73,56.78,57.69
247,60.0,stable_evidence,positive,57.5,59.38,56.29,56.84
248,20.0,stable_evidence,negative,44.87,44.21,45.25,45.13
249,37.0,stable_evidence,negative,45.77,46.01,46.17,45.14
250,50.0,stable_evidence,ambiguous,46.99,47.33,47.31,46.34
251,30.0,stable_evidence,negative,44.6,45.23,43.78,44.78
252,70.0,stable_evidence,positive,45.95,45.88,46.13,45.86
253,50.0,inactivation_onset,ambiguous,52.12,51.4,52.04,52.91
254,30.0,inactivation_onset,negative,54.72,54.04,55.72,54.4
255,70.0,inactivation_onset,positive,46.29,46.56,46.08,46.22
256,30.0,stable_evidence,negative,44.51,45.4,43.81,44.32
257,50.0,inactivation_onset,ambiguous,52.8,52.38,53.48,52.53
258,40.0,stable_evidence,negative,51.79,51.36,52.04,51.97
259,40.0,stable_evidence,negative,51.06,52.01,51.29,49.88
260,51.0,Tm_wt,ambiguous,54.13,54.44,52.78,55.18
261,77.0,Tm,positive,51.02,50.09,52.87,50.11
262,60.0,stable_evidence,positive,50.49,49.45,50.75,51.28
263,40.0,stable_evidence,negative,51.06,52.01,51.29,49.88
264,63.0,Tm,positive,49.79,49.52,50.0,49.84
265,77.0,Tm,positive,51.02,50.09,52.87,50.11
266,80.0,stable_evidence,positive,54.3,54.06,55.77,53.06
267,95.0,stable_evidence,positive,49.35,48.88,49.71,49.44
268,75.0,inactivation_onset,positive,57.32,58.69,57.77,55.5
269,95.0,stable_evidence,positive,55.25,54.61,56.11,55.03
270,70.0,stable_evidence,positive,55.06,54.51,56.15,54.53
271,90.0,stable_evidence,positive,57.88,57.97,58.54,57.14
272,75.0,stable_evidence,positive,54.75,56.54,54.83,52.87
273,90.0,inactivation_onset,positive,56.76,55.1,59.55,55.63
274,80.0,stable_evidence,positive,57.65,57.3,58.53,57.14
275,57.0,inactivation_onset,ambiguous,50.67,52.05,50.15,49.83
276,70.0,stable_evidence,positive,51.24,51.97,50.67,51.06
277,55.0,stable_evidence,ambiguous,51.07,52.47,51.23,49.52
278,70.0,stable_evidence,positive,48.88,49.44,49.76,47.45
279,100.0,inactivation_onset,positive,55.9,55.29,56.29,56.12
280,60.0,stable_evidence,positive,54.58,57.38,54.88,51.5
281,85.0,stable_evidence,positive,45.72,45.43,45.39,46.36
282,65.0,inactivation_onset,positive,47.72,46.7,49.25,47.22
283,45.0,stable_evidence,negative,48.43,47.98,48.71,48.61
284,50.0,stable_evidence,ambiguous,54.07,55.3,54.85,52.06
285,70.0,stable_evidence,positive,48.11,47.74,48.95,47.62
286,80.0,stable_evidence,positive,49.01,50.69,47.76,48.59
287,60.0,stable_evidence,positive,53.61,54.37,54.58,51.88
288,70.5,Tm,positive,55.63,56.94,55.65,54.31
289,70.0,stable_evidence,positive,58.64,59.1,58.89,57.92
290,70.0,stable_evidence,positive,52.64,52.49,54.0,51.42
291,50.0,stable_evidence,ambiguous,49.72,51.8,50.04,47.33
292,44.5,inactivation_onset,negative,55.45,54.6,57.16,54.57
293,60.0,stable_evidence,positive,50.06,51.27,49.58,49.32
294,40.0,stable_evidence,negative,49.22,48.74,49.33,49.59
295,105.0,stable_evidence,positive,58.56,56.3,59.52,59.86
296,25.0,stable_evidence,negative,54.87,56.83,55.5,52.28
297,121.0,stable_evidence,positive,55.69,53.52,58.16,55.4
298,45.0,stable_evidence,negative,52.78,52.86,54.0,51.5
299,65.0,stable_evidence,positive,59.8,57.88,59.29,62.24
300,70.0,inactivation_onset,positive,47.24,47.13,47.57,47.04
301,60.0,stable_evidence,positive,56.37,56.55,56.74,55.83
302,48.0,Tm,ambiguous,53.03,54.07,52.25,52.79
303,62.0,inactivation_onset,positive,49.05,49.51,48.76,48.88
304,50.0,stable_evidence,ambiguous,49.03,49.9,47.95,49.23
305,55.0,inactivation_onset,ambiguous,56.52,56.01,55.44,58.1
306,60.0,stable_evidence,positive,49.9,49.29,50.79,49.61
307,70.0,stable_evidence,positive,51.08,50.99,51.1,51.16
308,68.1,Tm,positive,47.59,47.9,47.66,47.21
309,55.0,inactivation_onset,ambiguous,46.03,46.35,45.76,45.99
310,50.0,stable_evidence,ambiguous,49.88,50.55,49.15,49.93
311,87.0,inactivation_onset,positive,63.74,64.55,64.53,62.14
312,50.0,inactivation_onset,ambiguous,47.19,47.28,47.78,46.52
313,55.0,stable_evidence,ambiguous,51.71,53.11,51.19,50.84
314,50.0,stable_evidence,ambiguous,52.86,53.1,52.19,53.28
315,90.0,stable_evidence,positive,46.38,46.16,46.42,46.57
316,90.0,inactivation_onset,positive,75.85,76.43,77.75,73.35
317,45.0,inactivation_onset,negative,49.18,48.57,48.77,50.19
318,60.0,stable_evidence,positive,56.21,55.12,55.68,57.83
319,60.0,stable_evidence,positive,68.61,67.06,70.96,67.81
320,50.0,stable_evidence,ambiguous,54.81,54.15,54.63,55.66
321,20.0,inactivation_onset,negative,49.44,50.3,48.87,49.15
322,20.0,inactivation_onset,negative,45.3,45.12,44.91,45.86
323,35.0,stable_evidence,negative,48.45,48.95,47.91,48.5
324,70.0,inactivation_onset,positive,47.24,47.13,47.57,47.04
325,43.0,stable_evidence,negative,55.67,53.98,57.65,55.39
326,100.0,stable_evidence,positive,80.74,83.09,80.66,78.49
327,45.0,inactivation_onset,negative,53.92,53.11,54.07,54.58
328,80.0,stable_evidence,positive,50.53,49.89,50.73,50.98
329,35.0,stable_evidence,negative,58.96,59.68,58.85,58.33
330,54.0,Tm,ambiguous,81.3,82.87,82.28,78.75
331,30.0,inactivation_onset,negative,58.43,60.22,56.77,58.3
332,30.0,inactivation_onset,negative,48.2,47.27,48.55,48.78
333,30.0,inactivation_onset,negative,56.43,56.93,56.29,56.07
334,60.2,Tm_wt,positive,47.24,48.47,46.08,47.18
335,57.6,Tm,ambiguous,49.89,49.69,49.77,50.22
336,56.0,inactivation_onset,ambiguous,51.37,52.32,50.16,51.64
337,60.0,inactivation_onset,positive,52.75,52.83,53.59,51.81
338,80.0,inactivation_onset,positive,55.13,56.14,55.32,53.93
339,80.0,inactivation_onset,positive,53.97,54.14,54.88,52.88
340,80.0,inactivation_onset,positive,55.06,56.91,55.16,53.1
341,80.0,inactivation_onset,positive,48.55,48.51,49.96,47.2
342,90.0,stable_evidence,positive,56.53,57.83,56.27,55.47
343,51.9,inactivation_onset,ambiguous,50.75,50.38,49.76,52.09
344,56.5,Tm_wt,ambiguous,50.87,51.5,49.37,51.73
345,50.0,stable_evidence,ambiguous,48.42,49.02,47.72,48.51
346,65.0,stable_evidence,positive,59.33,59.63,59.47,58.89
347,60.0,inactivation_onset,positive,55.94,55.4,56.56,55.86
348,100.0,stable_evidence,positive,79.36,81.12,79.6,77.37
349,65.0,stable_evidence,positive,48.33,48.23,48.36,48.4
350,60.0,stable_evidence,positive,72.23,74.27,69.55,72.87
351,69.0,Tm,positive,67.74,69.42,67.99,65.8
352,50.0,stable_evidence,ambiguous,55.54,54.79,58.08,53.76
353,100.0,inactivation_onset,positive,79.06,81.74,79.91,75.53
354,40.0,inactivation_onset,negative,49.23,48.52,49.65,49.52
355,60.0,stable_evidence,positive,48.88,48.01,49.94,48.69
356,100.0,inactivation_onset,positive,82.5,81.88,83.15,82.47
357,100.0,inactivation_onset,positive,72.9,74.99,71.66,72.06
358,48.0,Tm,ambiguous,58.94,58.57,59.1,59.14
359,70.0,inactivation_onset,positive,47.6,48.01,47.25,47.53
360,100.0,inactivation_onset,positive,75.33,77.85,76.26,71.88
361,70.0,inactivation_onset,positive,51.4,52.16,50.55,51.48
362,80.0,stable_evidence,positive,51.02,50.5,51.56,50.99
363,104.0,inactivation_onset,positive,74.89,78.62,75.45,70.59
364,95.0,stable_evidence,positive,78.15,80.11,78.29,76.04
365,30.0,inactivation_onset,negative,46.86,46.24,47.36,46.99
366,52.5,Tm,ambiguous,50.81,50.98,51.39,50.08
367,40.0,inactivation_onset,negative,55.14,54.77,56.53,54.13
368,25.0,stable_evidence,negative,48.23,47.14,48.6,48.94
369,37.0,stable_evidence,negative,52.57,52.41,52.71,52.59
370,40.0,stable_evidence,negative,56.76,56.73,55.72,57.84
371,50.0,inactivation_onset,ambiguous,47.39,46.52,47.49,48.18
372,60.0,stable_evidence,positive,46.55,47.21,46.73,45.72
373,80.0,inactivation_onset,positive,74.03,76.73,73.48,71.89
374,80.0,stable_evidence,positive,76.31,78.95,75.57,74.4
375,55.0,stable_evidence,ambiguous,47.85,48.1,48.63,46.82
376,25.0,inactivation_onset,negative,47.28,48.29,47.33,46.21
377,50.0,stable_evidence,ambiguous,46.86,47.01,46.92,46.66
378,55.0,stable_evidence,ambiguous,46.85,46.27,47.91,46.37
379,70.0,stable_evidence,positive,46.62,46.44,46.93,46.5
380,63.0,inactivation_onset,positive,48.74,47.58,49.36,49.27
381,70.0,stable_evidence,positive,49.4,49.58,48.89,49.73
382,30.0,Tm,negative,45.27,45.47,44.63,45.71
383,70.0,stable_evidence,positive,47.87,47.06,48.66,47.9
384,30.0,inactivation_onset,negative,53.84,55.06,53.18,53.27
385,40.0,stable_evidence,negative,47.23,46.17,47.62,47.91
386,35.0,inactivation_onset,negative,41.69,41.18,41.98,41.9
387,50.0,stable_evidence,ambiguous,48.31,48.41,47.99,48.53
388,58.8,Tm_wt,ambiguous,49.0,48.83,49.19,48.96
389,50.0,stable_evidence,ambiguous,48.37,47.26,49.22,48.64
390,70.0,stable_evidence,positive,72.2,74.23,71.96,70.42
391,35.0,stable_evidence,negative,50.94,50.56,50.71,51.55
392,100.0,Tm,positive,75.28,76.4,75.44,74.01
393,50.0,Tm,ambiguous,48.51,47.58,48.84,49.11
394,40.0,stable_evidence,negative,48.77,48.23,48.65,49.44
395,70.0,stable_evidence,positive,76.47,78.95,75.15,75.31
396,70.0,stable_evidence,positive,74.66,77.43,73.47,73.07
397,70.0,stable_evidence,positive,78.54,79.98,77.6,78.03
398,90.0,stable_evidence,positive,76.54,77.79,76.25,75.57
399,70.0,stable_evidence,positive,76.92,78.5,76.0,76.26
400,70.0,stable_evidence,positive,77.3,79.21,76.19,76.5
401,70.0,stable_evidence,positive,78.58,80.74,76.88,78.11
402,80.0,stable_evidence,positive,82.1,80.88,82.86,82.57
403,90.0,inactivation_onset,positive,76.32,78.84,75.99,74.13
404,80.0,inactivation_onset,positive,70.19,70.86,70.16,69.54
405,83.0,inactivation_onset,positive,82.92,83.47,83.39,81.89
406,80.0,inactivation_onset,positive,78.21,78.28,78.03,78.32
407,40.0,stable_evidence,negative,63.48,63.88,62.99,63.56
408,40.0,stable_evidence,negative,49.71,49.19,49.83,50.11
409,40.0,stable_evidence,negative,60.25,58.86,61.33,60.55
410,59.0,Tm,ambiguous,47.85,47.95,47.31,48.28
411,90.0,Tm,positive,47.89,47.48,47.56,48.62
412,42.0,inactivation_onset,negative,61.91,60.78,61.74,63.22
413,37.0,stable_evidence,negative,46.23,45.72,46.05,46.93
414,61.0,Tm,positive,46.98,46.88,45.93,48.13
415,52.0,stable_evidence,ambiguous,47.12,46.88,47.25,47.24
416,70.0,stable_evidence,positive,52.01,52.08,51.51,52.44
417,64.6,Tm_wt,positive,48.0,48.83,47.53,47.65
418,100.0,stable_evidence,positive,70.32,71.6,69.5,69.87
419,100.0,stable_evidence,positive,68.0,67.76,68.96,67.28
420,56.2,inactivation_onset,ambiguous,52.57,52.63,52.62,52.47
421,75.0,Tm,positive,47.15,47.5,47.08,46.87
422,80.0,stable_evidence,positive,48.65,48.5,49.04,48.41
423,57.0,Tm,ambiguous,49.59,49.68,50.12,48.98
424,53.0,inactivation_onset,ambiguous,49.7,49.65,49.58,49.86
425,50.0,inactivation_onset,ambiguous,47.98,48.07,48.36,47.52
426,40.0,stable_evidence,negative,46.12,46.01,46.4,45.94
427,55.0,stable_evidence,ambiguous,47.38,47.29,48.4,46.44
428,60.0,stable_evidence,positive,47.7,47.73,48.7,46.68
429,89.0,Tm,positive,75.02,74.86,77.11,73.1
430,69.0,Tm,positive,51.3,52.47,50.21,51.21
431,60.0,stable_evidence,positive,48.74,48.35,50.36,47.53
432,35.0,stable_evidence,negative,44.89,45.45,44.61,44.61
433,60.0,stable_evidence,positive,67.75,66.85,70.1,66.29
434,53.2,Tm_wt,ambiguous,51.01,51.06,50.67,51.3
435,90.0,inactivation_onset,positive,77.32,78.89,76.71,76.36
436,44.5,inactivation_onset,negative,52.06,54.3,50.43,51.47
437,30.0,stable_evidence,negative,51.54,49.52,50.49,54.63
438,90.0,stable_evidence,positive,87.6,87.95,88.86,86.01
439,60.0,inactivation_onset,positive,69.09,70.93,65.93,70.41
440,60.0,stable_evidence,positive,81.1,80.99,83.64,78.65
441,50.0,inactivation_onset,ambiguous,45.21,45.52,44.96,45.15
442,49.6,Tm,ambiguous,51.54,49.84,51.98,52.79
443,30.0,stable_evidence,negative,45.61,44.92,45.82,46.09
444,30.0,stable_evidence,negative,46.97,47.78,46.95,46.2
445,35.0,stable_evidence,negative,48.02,47.9,47.96,48.2
446,30.0,stable_evidence,negative,47.35,48.0,47.87,46.17
447,35.0,stable_evidence,negative,48.02,47.9,47.96,48.2
448,20.0,inactivation_onset,negative,41.63,41.65,41.25,42.0
449,50.0,stable_evidence,ambiguous,56.69,56.77,56.64,56.65
450,53.0,Tm,ambiguous,57.61,57.7,59.15,56.0
451,50.0,inactivation_onset,ambiguous,47.51,48.64,45.62,48.27
452,56.3,inactivation_onset,ambiguous,47.39,49.89,45.47,46.82
453,56.3,inactivation_onset,ambiguous,46.52,47.72,45.62,46.21
454,58.2,Tm,ambiguous,48.74,48.25,49.41,48.56
455,45.0,Tm,negative,51.14,51.47,51.47,50.48
456,62.6,Tm,positive,49.79,50.15,49.97,49.25
457,50.0,inactivation_onset,ambiguous,49.08,49.24,48.59,49.43
458,45.8,Tm_wt,ambiguous,47.94,48.02,47.55,48.25
459,37.0,inactivation_onset,negative,54.18,55.01,54.73,52.81
460,40.0,stable_evidence,negative,50.64,50.48,50.9,50.53
461,50.0,stable_evidence,ambiguous,59.79,60.12,60.08,59.17
462,40.0,inactivation_onset,negative,48.04,48.96,46.62,48.53
463,53.0,Tm,ambiguous,48.74,48.66,49.42,48.15
464,75.0,stable_evidence,positive,63.61,63.12,63.31,64.41
465,68.7,Tm,positive,52.3,52.66,51.77,52.46
466,90.0,stable_evidence,positive,69.21,69.37,67.97,70.29
467,95.0,inactivation_onset,positive,74.42,75.92,74.24,73.08
468,47.0,inactivation_onset,ambiguous,79.48,80.88,79.91,77.64
469,95.0,inactivation_onset,positive,74.74,74.58,75.8,73.85
470,95.0,inactivation_onset,positive,74.54,74.1,73.06,76.45
471,40.0,stable_evidence,negative,47.55,47.51,48.07,47.06
472,80.0,stable_evidence,positive,78.46,81.84,76.84,76.69
473,100.0,stable_evidence,positive,74.2,73.1,74.11,75.38
474,50.0,inactivation_onset,ambiguous,55.99,57.76,54.64,55.56
475,40.0,inactivation_onset,negative,46.92,46.56,47.43,46.77
476,50.0,inactivation_onset,ambiguous,57.75,59.27,60.32,53.65
477,50.0,inactivation_onset,ambiguous,50.15,50.29,51.35,48.81
478,50.0,inactivation_onset,ambiguous,50.54,50.17,50.07,51.39
479,60.0,stable_evidence,positive,48.98,47.21,50.13,49.6
480,100.0,inactivation_onset,positive,48.77,49.07,48.63,48.61
481,90.0,inactivation_onset,positive,48.58,48.71,48.49,48.52
482,90.0,inactivation_onset,positive,47.7,47.37,47.56,48.19
483,45.0,stable_evidence,negative,43.86,44.07,43.3,44.22
484,60.0,inactivation_onset,positive,48.61,47.8,48.95,49.09
485,55.0,inactivation_onset,ambiguous,48.72,47.32,48.73,50.12
486,60.0,stable_evidence,positive,46.83,46.93,46.8,46.75
487,60.0,stable_evidence,positive,62.52,61.53,64.23,61.8
488,60.0,stable_evidence,positive,46.86,46.56,47.03,46.99
489,60.0,inactivation_onset,positive,70.6,69.73,71.85,70.23
490,70.0,stable_evidence,positive,68.49,67.53,68.19,69.75
491,80.0,inactivation_onset,positive,87.17,87.1,87.32,87.1
492,100.0,inactivation_onset,positive,46.25,45.55,46.05,47.14
493,50.0,stable_evidence,ambiguous,59.06,61.14,57.93,58.11
494,50.0,inactivation_onset,ambiguous,54.81,54.92,54.87,54.64
495,40.0,stable_evidence,negative,55.09,55.22,55.52,54.54
496,90.0,stable_evidence,positive,81.21,83.15,81.08,79.4
497,40.0,inactivation_onset,negative,53.35,54.64,53.25,52.17
498,30.0,stable_evidence,negative,54.58,54.61,55.14,53.98
499,40.0,stable_evidence,negative,44.97,45.72,44.82,44.36
500,105.0,stable_evidence,positive,74.55,73.96,75.65,74.05
501,100.0,stable_evidence,positive,78.42,78.15,79.41,77.7
502,30.0,stable_evidence,negative,49.21,48.79,48.85,49.99
503,70.0,stable_evidence,positive,52.01,52.89,52.01,51.13
504,50.0,stable_evidence,ambiguous,59.89,59.38,60.74,59.55
505,60.0,stable_evidence,positive,59.05,58.93,58.73,59.5
506,75.0,stable_evidence,positive,53.29,53.21,52.85,53.82
507,45.0,stable_evidence,negative,52.91,51.59,53.23,53.91
508,30.0,stable_evidence,negative,51.93,50.95,52.44,52.41
509,55.0,inactivation_onset,ambiguous,50.45,50.15,49.25,51.95
510,55.0,stable_evidence,ambiguous,47.07,46.61,46.56,48.03
511,30.0,stable_evidence,negative,45.48,45.01,45.35,46.08
512,100.0,inactivation_onset,positive,45.53,45.5,45.01,46.07
513,60.0,inactivation_onset,positive,73.54,71.63,74.43,74.54
514,55.0,inactivation_onset,ambiguous,76.31,76.05,76.84,76.05
515,37.0,stable_evidence,negative,51.14,51.19,50.24,52.0
516,50.0,stable_evidence,ambiguous,50.87,52.51,49.35,50.76
517,50.0,stable_evidence,ambiguous,50.01,50.45,49.1,50.49
518,95.0,stable_evidence,positive,76.05,72.84,78.43,76.89
519,80.0,stable_evidence,positive,81.39,83.51,80.82,79.84
520,100.0,inactivation_onset,positive,81.1,79.06,82.68,81.57
521,70.0,inactivation_onset,positive,77.17,75.79,77.32,78.4
522,35.0,stable_evidence,negative,45.92,45.42,46.37,45.96
523,63.5,Tm,positive,51.58,50.44,52.55,51.74
524,37.0,inactivation_onset,negative,49.33,49.76,50.21,48.02
525,60.0,inactivation_onset,positive,57.75,61.77,54.47,57.0
526,23.0,inactivation_onset,negative,51.72,51.33,50.09,53.73
527,70.0,inactivation_onset,positive,71.31,73.3,72.19,68.45
528,40.0,stable_evidence,negative,47.88,49.0,46.56,48.09
529,35.0,stable_evidence,negative,50.64,52.06,50.78,49.08
530,37.0,stable_evidence,negative,51.2,51.83,51.61,50.16
531,45.0,stable_evidence,negative,52.23,51.84,51.77,53.08
532,40.0,stable_evidence,negative,54.77,55.97,55.26,53.08
533,30.0,stable_evidence,negative,45.57,46.09,45.36,45.25
534,35.0,stable_evidence,negative,46.21,46.5,46.57,45.57
535,40.0,stable_evidence,negative,54.77,55.97,55.26,53.08
536,55.0,stable_evidence,ambiguous,58.58,61.31,58.4,56.03
537,55.0,stable_evidence,ambiguous,48.07,47.83,47.83,48.54
538,35.0,stable_evidence,negative,59.32,59.43,58.32,60.21
539,35.0,stable_evidence,negative,59.32,59.43,58.32,60.21
540,35.0,stable_evidence,negative,55.22,54.71,56.12,54.83
541,55.0,stable_evidence,ambiguous,71.81,73.12,75.05,67.26
542,35.0,stable_evidence,negative,44.49,44.77,44.78,43.92
543,60.0,stable_evidence,positive,54.29,55.98,54.43,52.45
544,30.0,stable_evidence,negative,53.68,55.54,52.94,52.54
545,50.6,Tm,ambiguous,47.97,47.3,48.53,48.09
546,42.6,Tm,negative,54.78,54.62,54.36,55.35
547,30.0,inactivation_onset,negative,60.37,60.4,60.05,60.66
548,59.5,Tm_wt,ambiguous,69.95,71.55,68.42,69.89
549,47.8,Tm,ambiguous,60.69,59.41,60.28,62.37
550,47.5,Tm,ambiguous,49.04,49.67,48.72,48.73
551,69.9,Tm,positive,69.66,69.97,68.95,70.05
552,68.7,Tm_wt,positive,48.79,47.97,49.65,48.75
553,60.0,inactivation_onset,positive,61.56,62.51,60.21,61.95
554,75.0,stable_evidence,positive,53.29,53.21,52.85,53.82
555,30.0,inactivation_onset,negative,49.22,49.59,50.93,47.15
556,50.0,stable_evidence,ambiguous,54.45,54.86,54.42,54.08
557,60.0,stable_evidence,positive,50.04,50.14,51.43,48.54
558,37.0,stable_evidence,negative,50.06,50.37,51.36,48.44
559,60.0,stable_evidence,positive,51.91,53.77,51.46,50.51
560,35.0,inactivation_onset,negative,50.21,51.58,50.06,49.0
561,25.0,stable_evidence,negative,49.31,49.69,51.09,47.14
562,35.0,stable_evidence,negative,48.73,49.3,49.87,47.04
563,35.0,stable_evidence,negative,49.79,50.45,50.59,48.33
564,60.0,inactivation_onset,positive,55.38,54.32,55.29,56.53
565,90.0,stable_evidence,positive,48.59,48.05,48.78,48.95
566,30.0,stable_evidence,negative,48.21,49.13,47.77,47.73
567,50.0,stable_evidence,ambiguous,47.17,47.39,47.41,46.72
568,57.0,stable_evidence,ambiguous,46.46,46.88,46.2,46.29
569,60.0,stable_evidence,positive,51.71,51.61,53.58,49.95
570,53.6,Tm_wt,ambiguous,50.38,49.06,51.78,50.29
571,35.0,inactivation_onset,negative,48.49,46.19,49.51,49.75
572,35.0,inactivation_onset,negative,47.43,47.05,47.57,47.67
573,100.0,inactivation_onset,positive,46.39,46.52,45.9,46.74
574,80.0,inactivation_onset,positive,89.08,89.22,88.74,89.28
575,120.0,Tm,positive,81.99,82.91,81.19,81.86
576,90.0,stable_evidence,positive,60.79,60.62,61.07,60.67
577,80.0,inactivation_onset,positive,90.12,89.61,90.23,90.51
578,90.0,inactivation_onset,positive,83.71,83.57,85.04,82.54
579,52.0,Tm,ambiguous,60.73,60.1,61.7,60.4
580,42.9,Tm,negative,50.84,51.45,50.48,50.6
581,60.7,Tm_wt,positive,47.38,47.65,47.27,47.22
582,83.6,Tm,positive,56.47,56.03,55.35,58.02
583,57.3,Tm,ambiguous,51.18,49.75,51.59,52.19
584,112.0,stable_evidence,positive,61.29,61.02,61.17,61.68
585,37.0,inactivation_onset,negative,59.46,57.91,61.05,59.42
586,111.0,Tm,positive,75.14,75.39,74.37,75.66
587,55.0,stable_evidence,ambiguous,45.61,45.77,45.02,46.03
588,60.0,stable_evidence,positive,56.9,56.39,58.92,55.41
589,69.0,Tm,positive,51.06,50.52,50.5,52.17
590,55.0,inactivation_onset,ambiguous,50.38,50.67,50.2,50.28
591,64.0,Tm,positive,48.89,48.78,49.74,48.13
592,54.0,Tm,ambiguous,49.07,50.96,47.41,48.83
593,40.0,Tm,negative,45.34,45.5,44.84,45.68
594,40.0,stable_evidence,negative,49.99,48.52,50.28,51.18
595,60.0,Tm,positive,62.84,60.98,63.67,63.86
596,40.0,Tm,negative,44.36,43.16,45.59,44.31
597,95.0,Tm_wt,positive,45.37,45.16,44.84,46.11
598,80.0,stable_evidence,positive,73.21,73.95,73.59,72.1
599,80.0,inactivation_onset,positive,52.68,53.39,52.24,52.4
600,50.0,stable_evidence,ambiguous,48.5,49.41,48.44,47.65
601,68.4,Tm_wt,positive,56.97,57.02,56.14,57.74
602,55.0,stable_evidence,ambiguous,53.03,53.52,52.58,53.0
603,45.0,inactivation_onset,negative,58.72,57.13,58.88,60.15
604,50.0,stable_evidence,ambiguous,46.49,46.71,47.22,45.56
605,50.0,stable_evidence,ambiguous,50.42,49.34,50.37,51.55
606,55.0,stable_evidence,ambiguous,55.33,55.61,53.46,56.93
607,50.0,stable_evidence,ambiguous,52.08,52.05,50.64,53.55
608,40.0,stable_evidence,negative,49.3,49.32,49.27,49.32
609,50.0,stable_evidence,ambiguous,51.72,50.26,51.39,53.52
610,30.0,Tm,negative,48.42,48.78,47.71,48.79
611,62.4,Tm,positive,56.33,57.24,55.74,56.02
612,57.0,stable_evidence,ambiguous,46.99,46.72,47.35,46.9
613,100.0,stable_evidence,positive,59.55,59.56,59.88,59.21
614,50.0,stable_evidence,ambiguous,46.49,46.95,46.75,45.78
615,22.0,inactivation_onset,negative,46.72,46.19,47.61,46.37
616,70.0,stable_evidence,positive,63.42,62.74,64.49,63.04
617,40.0,inactivation_onset,negative,45.9,45.21,46.7,45.81
618,99.0,Tm,positive,74.25,76.63,75.41,70.71
619,65.0,inactivation_onset,positive,48.75,49.3,48.45,48.49
620,50.0,inactivation_onset,ambiguous,53.01,53.37,52.87,52.79
621,50.0,inactivation_onset,ambiguous,48.68,49.77,48.72,47.54
622,60.0,inactivation_onset,positive,49.17,49.94,48.87,48.71
623,100.0,stable_evidence,positive,78.74,80.56,78.28,77.39
624,95.0,Tm_wt,positive,45.37,45.16,44.84,46.11
625,50.0,stable_evidence,ambiguous,45.08,44.72,44.61,45.91
626,90.0,stable_evidence,positive,72.43,72.03,71.93,73.34
627,60.0,stable_evidence,positive,61.98,61.91,64.01,60.0
628,50.0,inactivation_onset,ambiguous,48.23,47.56,48.52,48.63
629,52.1,Tm,ambiguous,60.36,59.88,63.57,57.63
630,90.0,stable_evidence,positive,76.2,74.99,77.56,76.06
631,60.0,stable_evidence,positive,53.95,54.85,54.95,52.06
632,70.0,stable_evidence,positive,82.57,82.44,81.54,83.72
633,58.0,Tm,ambiguous,54.44,55.42,53.59,54.29
634,78.0,Tm,positive,60.41,59.19,61.31,60.74
635,90.0,stable_evidence,positive,86.3,86.19,85.82,86.89
636,40.0,stable_evidence,negative,44.31,44.02,44.05,44.87
637,90.0,inactivation_onset,positive,86.09,86.47,85.41,86.4
638,80.0,inactivation_onset,positive,72.97,73.06,73.18,72.67
639,90.0,inactivation_onset,positive,77.88,78.1,78.79,76.74
640,80.0,stable_evidence,positive,77.72,79.52,75.88,77.76
641,100.0,stable_evidence,positive,73.01,72.72,71.71,74.6
642,50.0,inactivation_onset,ambiguous,52.47,52.16,52.7,52.57
643,90.0,stable_evidence,positive,78.64,82.06,78.17,75.69
644,75.0,stable_evidence,positive,70.12,72.15,69.35,68.87
645,46.5,Tm,ambiguous,48.58,48.1,49.11,48.53
646,95.0,inactivation_onset,positive,47.01,46.73,47.97,46.34
647,43.0,Tm,negative,47.57,46.44,48.67,47.6
648,63.0,stable_evidence,positive,71.1,71.93,71.08,70.28
649,95.0,stable_evidence,positive,77.74,79.63,77.7,75.89
650,25.0,Tm,negative,52.81,53.07,53.04,52.31
651,80.0,stable_evidence,positive,80.32,80.0,80.83,80.14
652,95.0,inactivation_onset,positive,51.64,51.69,51.65,51.59
653,108.0,Tm_wt,positive,76.3,75.46,78.47,74.97
654,50.1,Tm_wt,ambiguous,56.1,56.0,56.69,55.6
655,30.0,stable_evidence,negative,48.35,48.26,48.84,47.96
656,40.0,stable_evidence,negative,49.52,49.17,50.04,49.35
657,20.0,inactivation_onset,negative,45.59,45.71,46.14,44.91
658,105.0,Tm,positive,80.66,82.15,81.78,78.05
659,85.0,stable_evidence,positive,72.32,72.68,73.07,71.21
660,70.0,stable_evidence,positive,86.01,85.94,87.11,84.98
661,56.1,Tm_wt,ambiguous,61.92,64.57,59.23,61.96
662,60.0,stable_evidence,positive,47.58,49.3,46.58,46.86
663,40.0,inactivation_onset,negative,55.98,56.09,54.87,56.99
664,88.0,Tm,positive,72.26,73.57,69.86,73.34
665,90.0,stable_evidence,positive,47.9,47.22,48.37,48.1
666,70.0,stable_evidence,positive,52.34,50.9,52.67,53.44
667,80.0,inactivation_onset,positive,72.7,73.37,72.88,71.86
668,85.0,inactivation_onset,positive,76.82,79.32,75.22,75.91
669,83.0,inactivation_onset,positive,72.66,73.35,72.38,72.26
670,50.0,inactivation_onset,ambiguous,75.64,78.0,74.94,73.97
671,60.0,stable_evidence,positive,69.71,65.28,73.25,70.6
672,26.0,inactivation_onset,negative,64.35,65.38,62.83,64.83
673,50.0,stable_evidence,ambiguous,48.37,49.25,48.06,47.81
674,70.0,stable_evidence,positive,56.45,55.94,55.19,58.23
675,30.0,inactivation_onset,negative,53.6,52.14,56.01,52.65
676,70.0,stable_evidence,positive,57.51,58.03,58.04,56.46
677,58.0,inactivation_onset,ambiguous,50.39,49.83,50.61,50.74
678,60.0,Tm,positive,62.65,63.06,62.03,62.86
679,103.0,Tm_wt,positive,72.03,70.9,73.12,72.06
680,37.0,stable_evidence,negative,46.79,46.08,46.69,47.59
681,99.1,Tm,positive,72.24,69.86,73.63,73.22
682,37.0,stable_evidence,negative,47.43,47.31,47.51,47.47
683,43.7,Tm,negative,51.98,50.43,50.45,55.06
684,90.0,stable_evidence,positive,70.15,69.37,70.88,70.2
685,95.0,Tm,positive,69.84,68.27,70.99,70.25
686,69.0,Tm_wt,positive,55.52,55.76,54.43,56.37
687,74.0,Tm,positive,59.35,59.58,57.82,60.65
688,45.0,inactivation_onset,negative,41.86,41.29,42.13,42.15
689,70.0,stable_evidence,positive,54.92,55.09,54.8,54.87
690,80.0,stable_evidence,positive,53.39,51.18,55.77,53.23
691,42.5,inactivation_onset,negative,44.71,44.47,44.27,45.38
692,40.0,stable_evidence,negative,51.45,51.22,50.76,52.38
693,100.0,stable_evidence,positive,80.16,82.9,79.88,77.7
694,85.0,inactivation_onset,positive,71.14,71.95,70.37,71.1
695,70.0,stable_evidence,positive,86.19,85.01,86.1,87.46
696,80.0,stable_evidence,positive,73.5,72.86,72.81,74.83
697,90.0,stable_evidence,positive,81.61,81.07,81.4,82.35
698,51.6,Tm,ambiguous,49.26,49.56,48.85,49.37
699,80.0,inactivation_onset,positive,70.15,71.53,69.2,69.72
700,37.0,stable_evidence,negative,56.16,56.2,55.43,56.85
701,80.0,inactivation_onset,positive,70.15,71.53,69.2,69.72
702,55.0,inactivation_onset,ambiguous,50.59,51.66,49.72,50.4
703,50.0,stable_evidence,ambiguous,51.97,52.97,51.48,51.48
704,60.0,stable_evidence,positive,49.78,49.99,50.13,49.21
705,100.0,stable_evidence,positive,70.26,70.81,69.57,70.4
706,76.8,Tm_wt,positive,58.64,58.03,60.06,57.83
707,90.0,inactivation_onset,positive,77.82,79.8,75.63,78.02
708,25.0,stable_evidence,negative,42.8,42.88,42.76,42.75
709,85.5,Tm_wt,positive,81.19,84.55,79.88,79.16
710,59.0,Tm,ambiguous,47.05,47.31,47.03,46.81
711,50.0,inactivation_onset,ambiguous,57.91,58.04,59.06,56.63
712,80.0,inactivation_onset,positive,70.15,71.53,69.2,69.72
713,58.3,Tm,ambiguous,49.67,49.62,49.06,50.33
714,40.0,stable_evidence,negative,49.26,48.47,49.78,49.55
715,37.0,stable_evidence,negative,46.19,46.85,46.13,45.57
716,30.0,inactivation_onset,negative,57.16,58.05,55.12,58.32
717,75.0,stable_evidence,positive,73.18,72.71,74.25,72.58
718,87.0,Tm_wt,positive,54.97,53.5,54.94,56.46
719,50.0,inactivation_onset,ambiguous,50.84,51.45,51.61,49.47
720,50.0,inactivation_onset,ambiguous,50.05,49.91,50.55,49.7
721,70.0,stable_evidence,positive,63.31,63.16,62.26,64.5
722,80.0,stable_evidence,positive,57.79,59.21,58.04,56.13
723,70.0,stable_evidence,positive,65.48,64.41,64.18,67.84
724,25.0,stable_evidence,negative,50.39,51.64,48.91,50.61
725,37.0,inactivation_onset,negative,56.89,57.0,55.61,58.06
726,40.0,inactivation_onset,negative,63.05,64.6,62.28,62.25
727,50.0,inactivation_onset,ambiguous,65.41,67.07,66.66,62.5
728,40.0,stable_evidence,negative,56.45,56.42,59.26,53.67
729,60.0,inactivation_onset,positive,69.4,70.85,71.41,65.93
730,60.0,inactivation_onset,positive,57.63,57.61,55.09,60.19
731,60.0,inactivation_onset,positive,61.53,59.87,60.2,64.51
732,85.0,inactivation_onset,positive,84.02,84.11,85.71,82.25
733,90.0,stable_evidence,positive,80.43,81.91,80.93,78.46
734,80.0,inactivation_onset,positive,74.97,73.68,76.54,74.7
735,80.0,stable_evidence,positive,55.24,56.64,55.63,53.45
736,70.0,stable_evidence,positive,61.4,59.94,59.25,65.01
737,100.0,stable_evidence,positive,73.9,73.22,74.52,73.95
738,45.0,stable_evidence,negative,40.68,40.3,41.27,40.46
739,70.0,stable_evidence,positive,48.6,48.71,47.37,49.72
740,70.0,stable_evidence,positive,54.55,56.13,54.86,52.65
741,45.0,stable_evidence,negative,49.34,49.01,49.33,49.66
742,30.0,inactivation_onset,negative,53.06,52.3,53.14,53.73
743,85.0,inactivation_onset,positive,45.79,45.52,46.08,45.76
744,50.0,stable_evidence,ambiguous,50.05,48.76,50.76,50.64
745,85.0,inactivation_onset,positive,52.36,52.09,51.89,53.09
746,60.0,stable_evidence,positive,49.25,48.65,48.02,51.09
747,71.0,inactivation_onset,positive,51.06,52.59,49.94,50.65
748,50.0,inactivation_onset,ambiguous,53.87,55.22,54.08,52.3
749,30.0,inactivation_onset,negative,50.85,50.32,52.38,49.85
750,50.0,stable_evidence,ambiguous,54.99,54.44,56.23,54.32
751,50.0,stable_evidence,ambiguous,50.63,50.78,50.93,50.17
752,50.0,stable_evidence,ambiguous,49.65,49.69,48.93,50.33
753,65.0,stable_evidence,positive,50.0,51.23,47.11,51.66
754,40.0,stable_evidence,negative,51.61,52.79,51.11,50.94
755,55.0,stable_evidence,ambiguous,49.83,51.31,49.24,48.93
756,52.0,Tm_wt,ambiguous,46.71,46.03,47.42,46.68
757,70.0,stable_evidence,positive,50.39,51.87,49.18,50.12
758,75.0,inactivation_onset,positive,50.92,50.5,49.64,52.61
759,20.0,stable_evidence,negative,49.33,48.57,50.18,49.22
760,60.0,stable_evidence,positive,51.98,52.18,51.14,52.61
761,75.6,Tm_wt,positive,51.11,52.19,50.9,50.23
762,20.0,stable_evidence,negative,48.42,47.44,49.2,48.62
763,20.0,stable_evidence,negative,48.37,47.79,48.89,48.44
764,70.0,inactivation_onset,positive,78.67,78.66,79.65,77.7
765,94.0,stable_evidence,positive,59.15,60.95,57.99,58.53
766,60.0,stable_evidence,positive,58.2,56.99,59.52,58.1
767,102.0,Tm_wt,positive,59.39,59.55,58.91,59.71
768,70.0,stable_evidence,positive,49.67,48.98,50.84,49.19
769,40.0,stable_evidence,negative,49.53,48.69,50.59,49.33
770,55.0,stable_evidence,ambiguous,50.42,50.77,49.5,50.98
771,55.0,stable_evidence,ambiguous,49.73,49.51,49.45,50.23
772,60.0,stable_evidence,positive,50.09,50.07,51.36,48.85
773,40.0,inactivation_onset,negative,48.46,47.89,49.02,48.46
774,45.0,stable_evidence,negative,53.26,53.73,54.08,51.97
775,60.0,stable_evidence,positive,58.0,59.51,55.89,58.6
776,70.0,inactivation_onset,positive,78.67,78.66,79.65,77.7
777,102.0,Tm_wt,positive,59.39,59.55,58.91,59.71
778,40.0,stable_evidence,negative,43.61,43.51,44.12,43.2
779,61.7,Tm,positive,56.8,56.29,57.25,56.86
780,42.9,Tm_wt,negative,49.14,49.67,49.38,48.37
781,50.0,inactivation_onset,ambiguous,51.27,51.92,50.25,51.63
782,35.0,inactivation_onset,negative,49.97,49.16,50.48,50.28
783,40.0,inactivation_onset,negative,48.0,47.73,48.24,48.04
784,30.0,inactivation_onset,negative,48.8,48.34,48.97,49.09
785,37.0,stable_evidence,negative,60.79,59.99,61.4,60.98
786,50.0,inactivation_onset,ambiguous,51.7,53.2,51.34,50.57
787,65.0,stable_evidence,positive,51.21,51.71,50.16,51.75
788,40.0,inactivation_onset,negative,45.79,45.58,45.85,45.93
789,45.0,inactivation_onset,negative,52.49,53.04,52.26,52.17
790,70.0,stable_evidence,positive,50.79,50.88,50.62,50.88
791,50.0,inactivation_onset,ambiguous,51.12,50.25,51.14,51.98
792,40.0,stable_evidence,negative,50.6,51.2,50.79,49.8
793,45.0,stable_evidence,negative,51.3,51.49,50.82,51.59
794,95.0,stable_evidence,positive,74.98,77.0,75.05,72.89
795,70.0,stable_evidence,positive,73.18,72.71,74.25,72.58
796,65.0,stable_evidence,positive,48.44,48.51,49.0,47.8
797,70.0,stable_evidence,positive,55.65,56.77,53.51,56.67
798,50.0,stable_evidence,ambiguous,48.64,48.95,48.77,48.21
799,80.0,inactivation_onset,positive,63.05,64.6,62.28,62.25
800,40.0,inactivation_onset,negative,51.65,51.84,51.28,51.85
801,70.0,inactivation_onset,positive,50.53,49.07,51.59,50.93
802,40.0,stable_evidence,negative,55.54,56.23,54.06,56.33
803,25.0,inactivation_onset,negative,49.55,49.64,50.52,48.48
804,50.0,stable_evidence,ambiguous,50.48,50.2,49.2,52.03
805,100.0,stable_evidence,positive,46.42,46.56,45.57,47.14
806,50.0,stable_evidence,ambiguous,49.19,48.68,48.13,50.77
807,72.0,Tm,positive,50.22,48.87,50.73,51.06
808,30.0,stable_evidence,negative,53.16,54.37,50.5,54.59
809,40.0,inactivation_onset,negative,51.94,51.5,52.75,51.58
810,37.0,inactivation_onset,negative,47.47,47.35,47.57,47.49
811,30.0,stable_evidence,negative,46.86,46.56,47.38,46.64
812,85.0,stable_evidence,positive,77.67,79.75,78.16,75.1
813,85.0,inactivation_onset,positive,78.75,79.66,78.48,78.1
814,50.0,inactivation_onset,ambiguous,48.96,49.12,47.76,50.0
815,80.0,inactivation_onset,positive,49.9,49.29,51.17,49.26
816,44.1,inactivation_onset,negative,52.59,53.84,51.96,51.96
817,44.1,inactivation_onset,negative,48.83,48.18,50.15,48.15
818,37.4,stable_evidence,negative,55.6,54.86,54.46,57.47
819,40.0,stable_evidence,negative,47.72,47.06,47.5,48.6
820,55.0,inactivation_onset,ambiguous,56.34,57.68,53.78,57.55
821,56.0,Tm,ambiguous,47.2,46.77,47.21,47.61
822,70.0,stable_evidence,positive,49.52,49.53,49.08,49.96
823,80.0,Tm,positive,54.24,52.08,56.76,53.87
824,60.0,stable_evidence,positive,51.22,50.39,52.79,50.47
825,60.0,stable_evidence,positive,57.17,56.45,56.83,58.24
826,30.0,stable_evidence,negative,52.84,54.44,51.41,52.67
827,50.0,stable_evidence,ambiguous,48.4,48.44,47.86,48.89
828,50.0,inactivation_onset,ambiguous,49.12,48.36,49.27,49.74
829,45.0,stable_evidence,negative,51.46,52.5,50.27,51.61
830,60.0,stable_evidence,positive,53.86,54.15,53.02,54.4
831,30.0,stable_evidence,negative,46.86,46.56,47.38,46.64
832,50.0,stable_evidence,ambiguous,52.09,53.27,51.02,51.99
833,50.0,stable_evidence,ambiguous,50.67,52.07,49.46,50.47
834,60.0,stable_evidence,positive,59.15,59.18,59.41,58.87
835,37.0,stable_evidence,negative,55.46,55.64,53.92,56.81
836,45.0,stable_evidence,negative,49.67,48.17,50.77,50.09
837,60.0,stable_evidence,positive,48.4,48.44,47.86,48.89
838,55.0,inactivation_onset,ambiguous,52.12,51.75,51.83,52.78
839,45.0,stable_evidence,negative,52.99,51.35,52.5,55.11
840,60.0,inactivation_onset,positive,60.63,61.46,60.66,59.77
841,55.0,stable_evidence,ambiguous,51.39,52.22,50.3,51.66
842,55.0,stable_evidence,ambiguous,50.5,50.92,50.06,50.52
843,60.0,stable_evidence,positive,52.78,52.15,53.12,53.08
844,50.0,stable_evidence,ambiguous,52.46,54.03,51.5,51.84
845,65.0,stable_evidence,positive,54.96,54.73,55.5,54.63
846,70.0,stable_evidence,positive,53.28,51.87,54.44,53.54
847,50.0,stable_evidence,ambiguous,48.76,47.78,50.12,48.4
848,60.0,inactivation_onset,positive,48.39,48.44,48.09,48.65
849,70.0,Tm,positive,51.6,51.83,49.72,53.25
850,59.0,Tm,ambiguous,52.11,52.62,52.0,51.72
851,40.0,inactivation_onset,negative,51.69,52.45,50.74,51.86
852,60.0,stable_evidence,positive,53.68,53.17,55.17,52.71
853,75.0,stable_evidence,positive,50.89,50.12,50.72,51.83
854,40.0,stable_evidence,negative,51.16,51.46,50.95,51.06
855,80.0,stable_evidence,positive,51.3,51.09,50.37,52.45
856,25.0,stable_evidence,negative,51.83,52.12,51.79,51.59
857,25.0,stable_evidence,negative,51.67,50.35,52.12,52.55
858,50.0,stable_evidence,ambiguous,54.62,53.4,55.62,54.85
859,40.0,stable_evidence,negative,53.67,53.91,53.79,53.3
860,50.0,inactivation_onset,ambiguous,49.99,50.71,48.76,50.51
861,50.0,inactivation_onset,ambiguous,51.27,51.92,50.25,51.63
862,60.0,stable_evidence,positive,52.53,50.77,53.08,53.74
863,65.0,stable_evidence,positive,52.83,53.66,51.59,53.25
864,37.0,inactivation_onset,negative,53.7,50.95,55.53,54.63
865,40.0,stable_evidence,negative,57.08,56.15,55.82,59.26
866,30.0,stable_evidence,negative,63.93,62.56,63.24,65.99
867,52.0,Tm_wt,ambiguous,51.76,51.14,50.48,53.66
868,40.0,stable_evidence,negative,55.55,57.02,57.42,52.2
869,45.0,stable_evidence,negative,44.57,44.75,44.2,44.75
870,52.8,Tm,ambiguous,57.96,58.84,58.62,56.42
871,75.0,inactivation_onset,positive,51.05,51.38,51.3,50.46
872,25.0,inactivation_onset,negative,66.16,65.1,68.6,64.78
873,40.0,stable_evidence,negative,51.15,50.28,51.46,51.7
874,40.0,inactivation_onset,negative,49.73,50.97,49.48,48.73
875,58.2,Tm,ambiguous,49.29,49.98,48.19,49.72
876,90.0,inactivation_onset,positive,65.48,64.41,64.18,67.84
877,50.0,stable_evidence,ambiguous,58.34,58.22,57.47,59.31
878,85.0,stable_evidence,positive,72.54,72.86,73.21,71.55
879,30.0,inactivation_onset,negative,46.14,47.21,46.4,44.82
880,100.0,inactivation_onset,positive,72.56,73.89,71.47,72.3
881,30.0,inactivation_onset,negative,47.65,49.3,46.31,47.33
882,102.0,Tm_wt,positive,70.31,70.3,70.9,69.71
883,46.2,Tm,ambiguous,53.28,53.73,51.39,54.72
884,30.0,inactivation_onset,negative,56.44,57.86,56.0,55.45
885,70.0,stable_evidence,positive,79.84,79.96,82.01,77.55
886,66.1,Tm,positive,71.88,73.11,72.5,70.04
887,68.5,Tm_wt,positive,51.38,50.62,50.56,52.97
888,90.0,stable_evidence,positive,74.55,75.56,74.53,73.58
889,87.0,Tm,positive,73.28,73.92,73.6,72.32
890,60.0,stable_evidence,positive,54.87,55.89,54.29,54.42
891,48.3,Tm,ambiguous,60.42,60.34,59.94,60.98
892,80.0,inactivation_onset,positive,83.24,84.02,82.95,82.75
893,50.0,inactivation_onset,ambiguous,53.27,52.49,53.52,53.8
894,37.0,inactivation_onset,negative,50.56,52.02,50.85,48.8
895,37.0,stable_evidence,negative,53.16,53.63,52.77,53.08
896,37.0,inactivation_onset,negative,51.05,52.65,50.84,49.65
897,87.0,Tm,positive,73.28,73.92,73.6,72.32
898,70.0,inactivation_onset,positive,50.02,50.0,50.08,49.97
899,80.0,inactivation_onset,positive,50.28,50.48,50.51,49.84
900,80.0,inactivation_onset,positive,55.29,55.43,56.42,54.02
901,80.0,stable_evidence,positive,55.31,55.98,55.7,54.24
902,80.0,inactivation_onset,positive,51.48,51.05,51.64,51.75
903,80.0,inactivation_onset,positive,50.28,49.63,50.84,50.36
904,66.5,inactivation_onset,positive,50.56,50.62,50.89,50.17
905,57.0,Tm,ambiguous,52.17,51.53,53.48,51.49
906,80.0,inactivation_onset,positive,51.18,51.3,51.16,51.09
907,80.0,stable_evidence,positive,52.32,53.22,53.28,50.45
908,70.0,inactivation_onset,positive,87.53,86.97,87.43,88.21
909,57.0,Tm,ambiguous,52.17,51.53,53.48,51.49
910,80.0,stable_evidence,positive,55.31,55.98,55.7,54.24
911,80.0,inactivation_onset,positive,55.29,55.43,56.42,54.02
912,50.0,stable_evidence,ambiguous,56.62,56.48,57.97,55.4
913,60.0,inactivation_onset,positive,46.28,46.4,46.21,46.25
914,80.0,stable_evidence,positive,52.91,53.75,52.4,52.57
915,80.0,Tm_wt,positive,52.26,52.9,52.01,51.87
916,65.0,stable_evidence,positive,48.75,48.93,48.27,49.04
917,55.0,stable_evidence,ambiguous,55.78,55.38,56.0,55.96
918,60.0,inactivation_onset,positive,50.17,49.68,49.42,51.42
919,100.0,stable_evidence,positive,50.81,51.59,50.95,49.88
920,40.0,stable_evidence,negative,57.71,57.13,58.82,57.18
921,55.0,stable_evidence,ambiguous,51.42,51.45,51.81,51.01
922,70.0,inactivation_onset,positive,50.02,50.0,50.08,49.97
923,90.0,inactivation_onset,positive,50.94,51.91,51.0,49.91
924,70.0,inactivation_onset,positive,47.16,46.76,47.72,47.01
925,37.0,stable_evidence,negative,58.89,59.48,57.36,59.83
926,35.0,inactivation_onset,negative,49.66,49.36,51.12,48.5
927,50.0,stable_evidence,ambiguous,52.23,53.31,53.13,50.25
928,65.0,stable_evidence,positive,60.65,60.23,62.01,59.72
929,59.6,Tm,ambiguous,77.67,79.75,78.16,75.1
930,47.2,inactivation_onset,ambiguous,65.27,64.57,66.73,64.51
931,55.0,inactivation_onset,ambiguous,52.3,52.46,52.69,51.75
932,65.0,stable_evidence,positive,53.05,53.32,53.28,52.56
933,65.0,stable_evidence,positive,62.48,64.28,60.78,62.38
934,70.0,inactivation_onset,positive,78.67,78.66,79.65,77.7
935,75.0,stable_evidence,positive,62.06,63.06,62.22,60.9
936,94.0,stable_evidence,positive,59.15,60.95,57.99,58.53
937,102.0,Tm_wt,positive,59.39,59.55,58.91,59.71
938,70.0,stable_evidence,positive,62.09,62.91,61.13,62.24
939,55.0,inactivation_onset,ambiguous,75.65,75.87,77.6,73.49
940,50.0,inactivation_onset,ambiguous,49.95,50.27,50.02,49.55
941,98.0,Tm,positive,75.72,77.12,75.44,74.6
942,80.0,Tm,positive,77.17,76.07,78.2,77.23
943,58.3,inactivation_onset,ambiguous,47.47,47.75,45.77,48.89
944,55.0,stable_evidence,ambiguous,58.91,59.48,61.64,55.61
945,50.0,inactivation_onset,ambiguous,47.31,48.39,46.59,46.94
946,57.7,Tm,ambiguous,51.11,51.61,50.75,50.96
947,34.0,stable_evidence,negative,49.11,49.04,49.64,48.67
948,85.0,stable_evidence,positive,54.45,55.49,52.71,55.14
949,90.0,inactivation_onset,positive,73.04,73.42,72.67,73.02
950,40.0,inactivation_onset,negative,46.24,46.25,46.42,46.04
951,98.0,inactivation_onset,positive,69.86,67.07,70.91,71.61
952,45.0,stable_evidence,negative,50.62,52.14,50.21,49.5
953,80.0,stable_evidence,positive,50.72,50.68,50.17,51.32
954,60.0,stable_evidence,positive,50.4,51.07,50.01,50.11
955,60.0,stable_evidence,positive,56.73,55.76,55.02,59.42
956,60.0,stable_evidence,positive,56.45,56.69,56.53,56.14
957,55.0,stable_evidence,ambiguous,52.41,54.41,53.8,49.03
958,95.0,stable_evidence,positive,66.64,67.45,67.39,65.06
959,80.0,stable_evidence,positive,50.94,51.87,51.21,49.74
960,70.0,stable_evidence,positive,54.47,55.1,53.63,54.69
961,80.0,stable_evidence,positive,46.93,47.77,46.3,46.72
962,40.0,stable_evidence,negative,51.96,51.54,53.43,50.92
963,40.0,inactivation_onset,negative,49.73,51.26,48.76,49.17
964,40.0,inactivation_onset,negative,52.6,52.39,52.73,52.67
965,70.0,stable_evidence,positive,53.63,55.66,52.01,53.23
966,40.0,inactivation_onset,negative,51.68,52.24,51.09,51.7
967,55.1,Tm,ambiguous,50.18,50.03,51.89,48.62
968,95.0,inactivation_onset,positive,76.72,76.88,78.2,75.08
969,40.0,inactivation_onset,negative,51.15,51.45,52.31,49.69
970,40.0,inactivation_onset,negative,50.18,50.03,51.89,48.62
971,50.0,inactivation_onset,ambiguous,48.8,49.09,49.02,48.28
972,71.0,inactivation_onset,positive,64.46,66.86,64.68,61.83
973,55.5,Tm,ambiguous,49.89,50.17,50.46,49.05
974,40.0,inactivation_onset,negative,50.22,50.24,51.9,48.54
975,36.6,Tm,negative,51.2,51.79,52.06,49.76
976,47.0,Tm,ambiguous,50.22,50.24,51.9,48.54
977,40.0,stable_evidence,negative,50.67,50.59,50.4,51.02
978,40.0,stable_evidence,negative,50.83,50.49,51.03,50.96
979,60.0,inactivation_onset,positive,58.25,56.64,55.52,62.58
980,50.0,inactivation_onset,ambiguous,45.06,44.41,44.82,45.97
981,55.0,stable_evidence,ambiguous,53.06,55.0,51.5,52.68
982,60.0,Tm,positive,50.53,49.89,51.35,50.35
983,98.0,inactivation_onset,positive,46.41,45.79,47.22,46.22
984,52.7,Tm_wt,ambiguous,56.1,54.79,57.1,56.41
985,65.0,stable_evidence,positive,48.91,47.87,48.55,50.32
986,35.0,inactivation_onset,negative,49.88,49.42,51.56,48.65
987,50.0,stable_evidence,ambiguous,46.04,45.89,46.34,45.9
988,40.0,stable_evidence,negative,49.05,48.31,49.5,49.34
989,50.0,inactivation_onset,ambiguous,49.12,48.64,49.57,49.13
990,67.1,Tm_wt,positive,51.43,52.11,51.24,50.94
991,35.0,stable_evidence,negative,52.21,52.01,53.62,50.99
992,42.5,Tm_wt,negative,49.4,48.95,48.67,50.57
993,70.0,inactivation_onset,positive,51.4,51.14,52.24,50.81
994,45.0,stable_evidence,negative,49.37,49.18,50.28,48.66
995,75.0,inactivation_onset,positive,51.63,53.61,50.72,50.56
996,50.0,inactivation_onset,ambiguous,50.59,50.83,50.51,50.43
997,60.0,inactivation_onset,positive,52.46,53.44,51.78,52.16
998,109.0,Tm,positive,71.41,70.95,72.34,70.95
999,105.0,Tm,positive,72.0,70.12,72.28,73.6
1000,86.0,Tm,positive,62.79,63.85,62.96,61.55
1001,40.0,inactivation_onset,negative,46.59,46.38,46.97,46.42
1002,85.0,Tm,positive,53.95,54.08,53.61,54.18
1003,40.0,inactivation_onset,negative,49.05,48.31,49.5,49.34
1004,55.0,inactivation_onset,ambiguous,52.62,52.89,52.93,52.03
1005,35.0,inactivation_onset,negative,49.88,49.42,51.56,48.65
1006,70.0,stable_evidence,positive,74.62,74.55,74.49,74.81
1007,60.0,stable_evidence,positive,49.79,49.28,49.97,50.11
1008,55.0,stable_evidence,ambiguous,50.92,51.48,50.63,50.65
1009,50.0,stable_evidence,ambiguous,54.04,53.07,54.78,54.27
1010,60.0,Tm,positive,50.27,50.66,52.31,47.83
1011,37.0,inactivation_onset,negative,50.28,49.75,50.45,50.66
1012,37.0,stable_evidence,negative,48.93,48.89,49.03,48.87
1013,101.0,Tm,positive,80.56,81.58,81.45,78.66
1014,71.0,Tm_wt,positive,51.03,52.65,51.36,49.09
1015,40.0,Tm,negative,53.34,53.95,53.42,52.67
1016,60.0,Tm,positive,50.35,49.22,51.05,50.77
1017,60.0,stable_evidence,positive,46.36,45.4,47.31,46.37
1018,50.0,stable_evidence,ambiguous,55.55,59.46,54.03,53.15
1019,30.0,stable_evidence,negative,46.97,46.91,46.79,47.22
1020,80.0,stable_evidence,positive,57.96,57.66,57.5,58.72
1021,40.0,Tm,negative,50.85,51.4,49.5,51.66
1022,100.0,stable_evidence,positive,49.34,49.36,49.44,49.21
1023,49.3,Tm,ambiguous,50.63,50.76,51.49,49.66
1024,70.0,stable_evidence,positive,48.58,50.15,49.25,46.34
1025,70.0,stable_evidence,positive,48.6,49.03,48.56,48.21
1026,40.0,inactivation_onset,negative,48.83,48.57,49.43,48.5
1027,60.0,stable_evidence,positive,50.35,50.31,50.09,50.65
1028,45.0,stable_evidence,negative,49.59,50.19,49.39,49.18
1029,60.0,stable_evidence,positive,51.65,50.7,51.74,52.52
1030,75.0,inactivation_onset,positive,51.35,51.46,52.04,50.54
1031,50.0,stable_evidence,ambiguous,53.98,54.57,54.96,52.41
1032,64.4,Tm_wt,positive,49.79,50.21,50.1,49.07
1033,85.0,stable_evidence,positive,63.14,59.3,63.24,66.88
1034,85.0,stable_evidence,positive,66.36,66.48,68.12,64.48
1035,65.0,inactivation_onset,positive,46.68,46.98,46.49,46.57
1036,50.0,stable_evidence,ambiguous,48.77,49.64,48.13,48.55
1037,30.0,stable_evidence,negative,47.6,48.46,47.84,46.5
1038,55.0,stable_evidence,ambiguous,44.7,45.52,44.17,44.41
1039,55.0,stable_evidence,ambiguous,45.65,45.07,45.22,46.65
1040,80.0,stable_evidence,positive,47.49,47.97,47.4,47.1
1041,45.0,stable_evidence,negative,47.46,47.68,47.92,46.78
1042,65.0,Tm_wt,positive,52.87,51.79,54.3,52.54
1043,60.0,stable_evidence,positive,48.07,47.26,49.7,47.25
1044,60.0,stable_evidence,positive,49.87,49.67,50.28,49.66
1045,70.0,stable_evidence,positive,51.89,52.62,51.27,51.78
1046,45.0,stable_evidence,negative,49.49,48.92,52.26,47.29
1047,80.0,stable_evidence,positive,48.31,47.58,48.59,48.76
1048,50.0,inactivation_onset,ambiguous,50.92,49.97,51.6,51.19
1049,40.0,stable_evidence,negative,48.78,49.15,48.23,48.97
1050,30.0,stable_evidence,negative,61.56,63.06,61.2,60.43
1051,55.0,stable_evidence,ambiguous,52.37,52.5,52.61,52.0
1052,50.0,stable_evidence,ambiguous,54.45,54.41,54.46,54.47
1053,55.0,inactivation_onset,ambiguous,52.51,51.98,53.55,52.0
1054,30.0,inactivation_onset,negative,50.17,51.54,49.25,49.71
1055,30.0,stable_evidence,negative,50.08,50.66,50.21,49.37
1056,57.2,Tm,ambiguous,50.16,50.18,51.34,48.98
1057,40.0,stable_evidence,negative,51.0,51.41,51.63,49.97
1058,55.0,stable_evidence,ambiguous,52.37,52.5,52.61,52.0
1059,40.0,stable_evidence,negative,53.38,52.62,53.9,53.63
1060,50.0,stable_evidence,ambiguous,46.29,45.95,44.64,48.28
1061,50.0,stable_evidence,ambiguous,46.29,45.95,44.64,48.28
1062,30.0,stable_evidence,negative,49.23,49.0,51.42,47.27
1063,40.0,inactivation_onset,negative,43.73,43.8,42.44,44.95
1064,40.0,inactivation_onset,negative,45.26,45.38,45.46,44.96
1065,40.0,stable_evidence,negative,46.84,47.09,46.66,46.76
1066,45.0,stable_evidence,negative,45.48,45.56,45.73,45.16
1067,30.0,stable_evidence,negative,47.45,46.8,47.87,47.68
1068,50.0,inactivation_onset,ambiguous,53.36,54.46,53.26,52.36
1069,50.0,stable_evidence,ambiguous,52.71,55.3,51.08,51.76
1070,20.0,inactivation_onset,negative,57.79,58.47,58.98,55.92
1071,100.0,inactivation_onset,positive,47.73,46.77,47.96,48.44
1072,95.0,inactivation_onset,positive,52.78,52.82,51.6,53.91
1073,60.0,stable_evidence,positive,56.15,61.23,53.66,53.57
1074,50.0,stable_evidence,ambiguous,48.61,48.29,48.79,48.73
1075,53.0,Tm,ambiguous,49.48,50.07,49.62,48.76
1076,62.0,Tm_wt,positive,49.73,50.29,48.91,50.0
1077,68.0,Tm_wt,positive,48.42,49.19,48.09,47.98
1078,72.5,Tm,positive,50.34,51.32,49.4,50.31
1079,55.0,stable_evidence,ambiguous,50.61,51.45,49.26,51.12
1080,70.0,stable_evidence,positive,50.83,52.39,49.83,50.27
1081,53.0,Tm,ambiguous,49.92,51.04,49.31,49.41
1082,90.0,stable_evidence,positive,50.88,53.23,49.96,49.45
1083,50.0,stable_evidence,ambiguous,48.95,49.95,48.58,48.31
1084,73.0,Tm_wt,positive,49.96,51.05,48.82,50.02
1085,60.0,inactivation_onset,positive,50.82,51.39,49.42,51.66
1086,35.0,inactivation_onset,negative,51.99,52.4,52.45,51.12
1087,90.0,inactivation_onset,positive,73.04,72.51,73.17,73.44
1088,30.0,stable_evidence,negative,47.15,46.47,47.12,47.86
1089,50.0,stable_evidence,ambiguous,53.55,52.8,53.02,54.84
1090,37.0,stable_evidence,negative,63.82,62.08,66.96,62.42
1091,80.0,stable_evidence,positive,77.22,76.38,77.29,78.0
1092,90.0,stable_evidence,positive,70.17,68.03,69.36,73.1
1093,105.0,Tm,positive,72.0,70.12,72.28,73.6
1094,80.0,stable_evidence,positive,71.35,72.67,71.78,69.6
1095,50.0,inactivation_onset,ambiguous,66.75,68.79,66.54,64.93
1096,65.0,stable_evidence,positive,47.05,47.28,47.6,46.26
1097,40.0,stable_evidence,negative,48.67,48.63,48.67,48.71
1098,50.0,stable_evidence,ambiguous,49.6,50.02,49.38,49.41
1099,70.0,stable_evidence,positive,56.3,59.12,56.63,53.14
1100,95.0,inactivation_onset,positive,76.72,76.88,78.2,75.08
1101,95.0,inactivation_onset,positive,76.1,78.13,75.78,74.38
1102,77.0,stable_evidence,positive,70.16,72.2,68.29,69.99
1103,45.0,stable_evidence,negative,47.96,48.23,47.89,47.77
1104,60.0,inactivation_onset,positive,65.24,63.95,65.75,66.03
1105,40.0,stable_evidence,negative,50.02,51.23,49.4,49.44
1106,60.0,inactivation_onset,positive,56.81,58.0,57.07,55.36
1107,60.0,inactivation_onset,positive,62.8,63.39,62.47,62.53
1108,80.0,stable_evidence,positive,57.96,57.66,57.5,58.72
1109,80.0,stable_evidence,positive,57.96,57.66,57.5,58.72
1110,70.0,stable_evidence,positive,52.46,51.4,53.19,52.79
1111,41.0,stable_evidence,negative,59.5,57.99,62.35,58.17
1112,35.0,stable_evidence,negative,58.41,57.94,60.8,56.49
1113,40.0,stable_evidence,negative,46.19,47.16,47.06,44.33
1114,50.0,stable_evidence,ambiguous,52.11,51.07,53.42,51.85
1115,50.0,stable_evidence,ambiguous,51.36,50.28,53.01,50.79
1116,90.0,stable_evidence,positive,82.44,78.81,82.55,85.95
1117,42.0,inactivation_onset,negative,45.21,45.47,44.58,45.59
1118,80.0,inactivation_onset,positive,78.5,79.98,78.28,77.25
1119,85.0,stable_evidence,positive,77.22,76.38,77.29,78.0
1120,60.0,inactivation_onset,positive,51.34,50.63,51.44,51.95
1121,60.0,stable_evidence,positive,50.11,48.63,50.08,51.61
1122,75.0,stable_evidence,positive,48.99,49.21,49.21,48.53
1123,87.3,Tm,positive,51.76,50.24,53.34,51.69
1124,110.0,Tm_wt,positive,71.46,71.32,71.8,71.25
1125,40.0,inactivation_onset,negative,48.88,48.26,49.49,48.89
1126,40.0,stable_evidence,negative,47.05,46.35,46.7,48.1
1127,65.0,stable_evidence,positive,49.74,49.56,50.45,49.22
1128,45.0,inactivation_onset,negative,45.45,44.89,45.67,45.79
1129,70.0,stable_evidence,positive,51.99,50.77,53.27,51.94
1130,40.0,inactivation_onset,negative,48.66,48.76,49.84,47.37
1131,80.0,inactivation_onset,positive,52.61,52.49,52.91,52.45
1132,60.0,stable_evidence,positive,51.66,51.43,52.24,51.3
1133,40.0,inactivation_onset,negative,51.34,50.55,52.74,50.72
1134,101.9,Tm_wt,positive,67.41,69.33,65.18,67.73
1135,45.0,stable_evidence,negative,50.08,49.22,50.68,50.36
1136,60.0,stable_evidence,positive,50.24,49.11,51.44,50.19
1137,50.0,stable_evidence,ambiguous,51.38,49.88,53.38,50.86
1138,70.0,inactivation_onset,positive,48.6,47.52,48.84,49.43
1139,50.0,stable_evidence,ambiguous,49.42,49.27,49.4,49.58
1140,65.0,inactivation_onset,positive,72.92,73.21,72.15,73.4
1141,50.0,inactivation_onset,ambiguous,52.81,51.97,54.15,52.3
1142,80.0,inactivation_onset,positive,88.57,89.11,88.95,87.64
1143,50.0,stable_evidence,ambiguous,47.27,47.95,47.38,46.47
1144,95.0,inactivation_onset,positive,76.72,76.88,78.2,75.08
1145,50.0,inactivation_onset,ambiguous,44.81,44.52,44.89,45.01
1146,55.0,stable_evidence,ambiguous,51.26,52.14,51.37,50.26
1147,40.0,inactivation_onset,negative,50.13,51.25,49.57,49.58
1148,50.0,inactivation_onset,ambiguous,70.23,70.9,69.47,70.32
1149,35.0,stable_evidence,negative,49.97,50.56,50.15,49.19
1150,50.0,stable_evidence,ambiguous,53.65,52.84,54.18,53.92
1151,50.0,stable_evidence,ambiguous,44.94,45.38,45.52,43.9
1152,55.0,stable_evidence,ambiguous,48.26,48.25,49.77,46.76
1153,60.0,inactivation_onset,positive,59.79,58.54,60.89,59.95
1154,60.0,stable_evidence,positive,86.27,87.07,85.97,85.78
1155,90.0,inactivation_onset,positive,48.47,48.11,49.0,48.31
1156,65.0,stable_evidence,positive,61.97,62.29,62.64,60.98
1157,30.0,stable_evidence,negative,56.47,56.47,56.52,56.41
1158,40.0,inactivation_onset,negative,49.11,48.96,48.56,49.81
1159,70.0,stable_evidence,positive,48.99,49.21,49.21,48.53
1160,42.0,stable_evidence,negative,53.72,53.01,54.57,53.58
1161,70.0,inactivation_onset,positive,73.26,75.0,73.19,71.57
1162,70.0,stable_evidence,positive,49.7,50.02,49.98,49.1
1163,45.0,inactivation_onset,negative,56.76,54.87,57.53,57.88
1164,85.0,inactivation_onset,positive,73.11,75.24,73.22,70.88
1165,50.0,stable_evidence,ambiguous,49.05,49.02,49.56,48.57
1166,75.0,stable_evidence,positive,55.79,54.94,53.77,58.64
1167,80.0,inactivation_onset,positive,73.72,76.3,72.94,71.93
1168,80.0,inactivation_onset,positive,79.85,79.69,81.96,77.9
1169,101.0,Tm,positive,76.39,78.74,76.87,73.56
1170,55.0,stable_evidence,ambiguous,48.2,47.86,48.43,48.3
1171,50.0,inactivation_onset,ambiguous,50.47,50.22,51.61,49.57
1172,53.8,Tm,ambiguous,50.17,50.62,49.66,50.24
1173,85.0,stable_evidence,positive,51.52,51.79,53.08,49.68
1174,20.0,inactivation_onset,negative,45.86,46.34,45.28,45.95
1175,50.0,stable_evidence,ambiguous,47.39,47.58,48.26,46.32
1176,62.0,stable_evidence,positive,46.9,46.86,47.63,46.21
1177,50.0,stable_evidence,ambiguous,49.36,50.75,49.4,47.94
1178,40.0,stable_evidence,negative,47.02,46.61,47.78,46.66
1179,40.0,inactivation_onset,negative,45.67,45.47,45.52,46.02
1180,90.0,inactivation_onset,positive,71.71,69.88,73.6,71.66
1181,90.0,stable_evidence,positive,63.84,61.63,65.26,64.63
1182,50.0,stable_evidence,ambiguous,48.93,49.15,49.26,48.37
1183,90.0,inactivation_onset,positive,48.11,47.95,48.62,47.78
1184,62.0,inactivation_onset,positive,45.72,45.35,46.06,45.76
1185,40.0,stable_evidence,negative,49.65,48.99,49.22,50.73
1186,42.9,Tm,negative,56.62,56.38,56.6,56.89
1187,70.0,stable_evidence,positive,48.27,48.14,48.65,48.02
1188,45.0,inactivation_onset,negative,50.15,48.99,50.67,50.79
1189,50.0,inactivation_onset,ambiguous,50.71,50.24,51.84,50.04
1190,85.0,Tm_wt,positive,80.2,79.18,78.58,82.84
1191,80.0,stable_evidence,positive,72.46,73.04,71.43,72.91
1192,20.0,stable_evidence,negative,45.89,45.54,46.64,45.49
1193,45.0,stable_evidence,negative,44.06,44.16,44.4,43.63
1194,85.0,stable_evidence,positive,72.76,74.92,73.16,70.2
1195,85.0,stable_evidence,positive,59.34,59.35,59.62,59.05
1196,50.0,stable_evidence,ambiguous,53.35,54.51,51.97,53.59
1197,67.0,inactivation_onset,positive,50.49,50.44,49.08,51.96
1198,50.0,stable_evidence,ambiguous,47.91,46.98,47.9,48.85
1199,50.0,stable_evidence,ambiguous,52.06,54.34,51.24,50.58
1200,40.0,stable_evidence,negative,53.12,53.74,52.23,53.39
1201,85.0,stable_evidence,positive,65.36,62.02,66.06,67.99
1202,30.0,inactivation_onset,negative,53.28,53.33,54.1,52.41
1203,50.0,stable_evidence,ambiguous,59.36,60.12,60.43,57.54
1204,60.0,stable_evidence,positive,51.29,52.39,49.84,51.62
1205,54.0,stable_evidence,ambiguous,54.02,51.74,54.71,55.6
1206,35.0,inactivation_onset,negative,54.71,54.1,54.01,56.03
1207,65.0,stable_evidence,positive,67.41,64.37,67.06,70.81
1208,60.0,stable_evidence,positive,50.79,50.5,51.92,49.96
1209,20.0,inactivation_onset,negative,49.31,50.21,49.48,48.23
1210,40.0,stable_evidence,negative,53.1,54.38,54.26,50.66
1211,70.0,stable_evidence,positive,48.99,49.21,49.21,48.53
1212,80.0,inactivation_onset,positive,55.38,54.95,56.87,54.32
1213,25.0,inactivation_onset,negative,52.33,52.99,51.58,52.43
1214,40.0,inactivation_onset,negative,56.93,57.11,57.27,56.42
1215,80.0,stable_evidence,positive,54.47,54.65,54.91,53.84
1216,80.0,stable_evidence,positive,66.14,64.74,65.41,68.26
1217,70.0,stable_evidence,positive,55.6,55.95,54.13,56.72
1218,60.0,stable_evidence,positive,59.28,59.57,57.89,60.38
1219,80.0,stable_evidence,positive,61.33,61.92,59.82,62.25
1220,60.0,inactivation_onset,positive,48.5,48.46,48.07,48.96
1221,45.0,inactivation_onset,negative,44.46,43.83,44.55,44.99
1222,70.0,stable_evidence,positive,49.65,48.19,49.76,51.0
1223,30.0,inactivation_onset,negative,57.06,56.24,56.42,58.52
1224,76.0,Tm,positive,51.61,51.32,51.89,51.63
1225,85.0,stable_evidence,positive,72.39,70.93,73.01,73.21
1226,60.0,inactivation_onset,positive,49.15,51.0,47.71,48.72
1227,80.0,stable_evidence,positive,53.42,54.98,54.01,51.27
1228,72.0,Tm,positive,53.56,54.81,54.64,51.23
1229,100.0,inactivation_onset,positive,49.07,49.3,48.94,48.96
1230,60.0,stable_evidence,positive,52.07,50.45,53.21,52.55
1231,70.0,stable_evidence,positive,53.23,53.05,52.65,53.98
1232,40.0,stable_evidence,negative,48.97,48.17,48.02,50.7
1233,75.0,Tm_wt,positive,49.96,51.05,48.82,50.02
1234,48.9,Tm_wt,ambiguous,48.32,47.75,48.89,48.32
1235,88.0,Tm,positive,68.64,69.55,69.46,66.9
1236,54.6,Tm_wt,ambiguous,49.24,48.79,48.77,50.17
1237,80.0,stable_evidence,positive,74.01,76.4,74.7,70.92
1238,60.0,stable_evidence,positive,46.23,46.35,45.88,46.47
1239,70.0,inactivation_onset,positive,53.75,54.14,55.22,51.9
1240,80.0,stable_evidence,positive,49.52,50.24,48.83,49.47
1241,90.0,stable_evidence,positive,51.7,52.68,51.78,50.64
1242,78.1,Tm_wt,positive,51.56,50.84,51.23,52.61
1243,40.0,stable_evidence,negative,47.16,46.71,48.37,46.39
1244,75.0,stable_evidence,positive,49.2,48.95,49.74,48.9
1245,60.0,stable_evidence,positive,48.56,47.91,49.26,48.51
1246,65.9,Tm_wt,positive,49.73,50.29,48.91,50.0
1247,40.0,stable_evidence,negative,49.86,49.95,50.85,48.79
1248,60.0,stable_evidence,positive,55.33,53.77,57.18,55.02
1249,65.0,stable_evidence,positive,48.95,48.8,49.1,48.97
1250,80.0,stable_evidence,positive,52.35,53.75,51.35,51.96
1251,80.0,inactivation_onset,positive,69.0,71.08,67.78,68.14
1252,100.0,stable_evidence,positive,49.98,50.15,49.6,50.19
1253,80.0,stable_evidence,positive,51.8,51.27,51.6,52.51
1254,79.0,inactivation_onset,positive,56.36,55.88,56.02,57.17
1255,79.0,inactivation_onset,positive,48.89,48.98,48.93,48.77
1256,40.0,stable_evidence,negative,52.75,53.88,52.26,52.12
1257,50.0,stable_evidence,ambiguous,52.49,53.21,52.97,51.31
1258,60.0,inactivation_onset,positive,47.84,49.72,48.14,45.64
1259,53.6,Tm_wt,ambiguous,50.34,49.6,49.73,51.69
1260,70.0,inactivation_onset,positive,55.14,54.14,55.51,55.78
1261,100.0,Tm_wt,positive,66.52,68.22,66.1,65.25
1262,80.0,stable_evidence,positive,57.96,57.66,57.5,58.72
1263,20.0,Tm,negative,54.48,54.55,53.06,55.84
1264,60.0,stable_evidence,positive,48.39,49.08,47.14,48.95
1265,80.0,stable_evidence,positive,49.85,48.96,50.55,50.03
1266,80.0,stable_evidence,positive,51.21,52.34,51.01,50.29
1267,60.0,stable_evidence,positive,54.56,52.99,56.68,54.01
1268,70.0,inactivation_onset,positive,49.44,50.64,48.04,49.64
1269,85.0,inactivation_onset,positive,74.35,77.68,73.81,71.55
1270,90.0,stable_evidence,positive,72.84,75.31,71.75,71.45
1271,60.0,stable_evidence,positive,47.7,47.02,47.41,48.65
1272,40.0,stable_evidence,negative,49.92,48.75,50.07,50.93
1273,95.0,inactivation_onset,positive,72.36,72.57,73.29,71.23
1274,70.0,stable_evidence,positive,57.83,59.26,58.71,55.51
1275,60.0,stable_evidence,positive,49.81,49.95,48.69,50.79
1276,60.0,stable_evidence,positive,49.75,50.99,48.74,49.51
1277,60.0,stable_evidence,positive,51.97,51.87,52.68,51.36
1278,75.0,stable_evidence,positive,48.67,48.44,49.04,48.54
1279,75.0,stable_evidence,positive,45.55,44.89,45.58,46.19
1280,60.0,stable_evidence,positive,46.42,46.83,46.34,46.09
1281,100.0,inactivation_onset,positive,50.87,49.35,52.43,50.82
1282,50.0,inactivation_onset,ambiguous,51.3,52.09,50.79,51.01
1283,60.0,stable_evidence,positive,55.08,54.42,55.07,55.75
1284,80.0,stable_evidence,positive,69.86,69.23,71.33,69.03
1285,55.0,inactivation_onset,ambiguous,47.87,47.87,47.09,48.64
1286,45.0,stable_evidence,negative,53.5,54.51,52.44,53.56
1287,60.0,stable_evidence,positive,51.71,51.77,52.3,51.06
1288,50.0,inactivation_onset,ambiguous,51.77,51.78,52.16,51.37
1289,70.0,stable_evidence,positive,86.15,88.13,87.11,83.2
1290,110.0,stable_evidence,positive,64.03,64.21,60.34,67.53
1291,90.0,stable_evidence,positive,72.6,72.59,73.68,71.54
1292,45.0,inactivation_onset,negative,47.81,46.88,47.85,48.7
1293,70.0,inactivation_onset,positive,73.62,74.24,72.39,74.25
1294,40.0,inactivation_onset,negative,67.6,67.15,68.29,67.36
1295,95.0,stable_evidence,positive,80.63,81.94,78.5,81.44
1296,95.0,stable_evidence,positive,66.64,67.45,67.39,65.06
1297,70.0,inactivation_onset,positive,58.46,58.14,59.68,57.55
1298,81.3,Tm,positive,58.2,57.14,60.31,57.16
1299,45.0,inactivation_onset,negative,53.4,51.85,54.2,54.15
1300,37.0,inactivation_onset,negative,52.67,52.81,52.27,52.94
1301,50.0,stable_evidence,ambiguous,47.89,46.23,49.92,47.51
1302,60.0,stable_evidence,positive,67.11,68.74,66.86,65.74
1303,25.0,inactivation_onset,negative,45.66,46.08,45.5,45.39
1304,59.0,Tm_wt,ambiguous,52.68,53.45,52.98,51.59
1305,50.0,inactivation_onset,ambiguous,48.24,48.03,49.03,47.65
1306,50.0,stable_evidence,ambiguous,49.69,48.46,51.46,49.16
1307,60.0,stable_evidence,positive,44.99,44.78,44.95,45.23
1308,37.0,inactivation_onset,negative,48.6,48.93,49.22,47.64
1309,42.0,stable_evidence,negative,49.91,51.03,50.17,48.54
1310,37.0,inactivation_onset,negative,56.8,58.08,57.14,55.19
1311,40.0,stable_evidence,negative,49.08,48.44,49.78,49.04
1312,50.0,stable_evidence,ambiguous,46.03,46.01,46.52,45.57
1313,65.0,inactivation_onset,positive,72.92,73.21,72.15,73.4
1314,60.0,stable_evidence,positive,44.99,44.78,44.95,45.23
1315,50.0,inactivation_onset,ambiguous,46.86,45.62,48.32,46.64
1316,90.0,inactivation_onset,positive,72.32,73.43,70.24,73.29
1317,50.0,stable_evidence,ambiguous,56.74,56.23,57.58,56.4
1318,93.0,Tm,positive,82.92,82.7,83.51,82.54
1319,60.0,inactivation_onset,positive,49.45,48.93,50.22,49.19
1320,65.0,stable_evidence,positive,62.66,63.05,62.91,62.03
1321,50.0,stable_evidence,ambiguous,48.78,50.2,48.44,47.69
1322,40.0,inactivation_onset,negative,49.46,52.23,48.11,48.04
1323,90.0,stable_evidence,positive,66.89,68.42,65.92,66.34
1324,45.0,stable_evidence,negative,53.12,53.74,52.23,53.39
1325,50.0,stable_evidence,ambiguous,48.89,49.39,49.68,47.61
1326,70.0,stable_evidence,positive,54.02,54.08,53.15,54.81
1327,55.0,inactivation_onset,ambiguous,51.78,51.59,52.91,50.84
1328,40.0,inactivation_onset,negative,50.78,51.62,50.06,50.65
1329,50.0,stable_evidence,ambiguous,53.02,51.74,53.49,53.83
1330,50.0,stable_evidence,ambiguous,47.64,48.42,47.04,47.46
1331,50.0,stable_evidence,ambiguous,47.83,47.75,47.61,48.12
1332,30.0,stable_evidence,negative,56.38,56.4,56.14,56.61
1333,70.0,inactivation_onset,positive,51.94,51.81,51.51,52.5
1334,45.0,stable_evidence,negative,53.55,54.39,53.41,52.85
1335,76.0,Tm,positive,52.01,52.51,52.18,51.35
1336,60.0,stable_evidence,positive,49.39,51.16,48.15,48.85
1337,55.0,inactivation_onset,ambiguous,54.47,55.11,55.12,53.18
1338,40.0,inactivation_onset,negative,56.66,57.8,59.02,53.16
1339,40.0,stable_evidence,negative,46.39,45.53,46.61,47.04
1340,55.0,stable_evidence,ambiguous,48.48,51.06,47.36,47.02
1341,50.0,inactivation_onset,ambiguous,51.42,51.79,52.03,50.45
1342,40.0,stable_evidence,negative,51.69,50.91,53.4,50.76
1343,60.0,stable_evidence,positive,57.77,58.31,58.36,56.63
1344,40.0,stable_evidence,negative,49.76,50.44,50.04,48.8
1345,60.0,stable_evidence,positive,57.26,58.13,55.71,57.95
1346,50.0,stable_evidence,ambiguous,50.09,47.62,51.8,50.85
1347,30.0,inactivation_onset,negative,57.06,56.24,56.42,58.52
1348,57.6,Tm_wt,ambiguous,51.99,51.4,53.21,51.37
1349,35.0,stable_evidence,negative,47.26,46.43,48.02,47.33
1350,50.0,inactivation_onset,ambiguous,50.04,51.33,50.66,48.13
1351,50.0,stable_evidence,ambiguous,55.96,56.48,55.77,55.63
1352,60.0,inactivation_onset,positive,50.99,49.71,50.83,52.44
1353,50.0,stable_evidence,ambiguous,44.93,45.41,43.81,45.56
1354,55.0,stable_evidence,ambiguous,58.67,60.29,59.16,56.57
1355,50.0,stable_evidence,ambiguous,54.64,56.3,55.1,52.51
1356,40.0,stable_evidence,negative,48.81,49.94,48.07,48.42
1357,40.0,stable_evidence,negative,49.1,50.34,48.26,48.68
1358,105.0,Tm,positive,72.08,70.15,74.22,71.86
1359,70.0,stable_evidence,positive,46.96,48.25,46.51,46.12
1360,60.0,stable_evidence,positive,47.37,47.59,47.91,46.62
1361,50.0,stable_evidence,ambiguous,48.46,47.91,50.32,47.16
1362,40.0,stable_evidence,negative,46.21,46.12,46.51,46.0
1363,37.0,inactivation_onset,negative,45.67,46.39,46.55,44.08
1364,80.0,stable_evidence,positive,58.52,57.41,58.97,59.19
1365,80.0,stable_evidence,positive,62.28,61.62,63.51,61.72
1366,90.0,stable_evidence,positive,49.81,51.26,49.82,48.36
1367,64.0,inactivation_onset,positive,50.6,51.15,50.06,50.6
1368,50.0,stable_evidence,ambiguous,48.8,48.46,49.7,48.23
1369,30.0,inactivation_onset,negative,50.2,51.09,48.57,50.93
1370,30.0,stable_evidence,negative,51.16,51.65,51.67,50.16
1371,80.0,stable_evidence,positive,59.46,59.38,58.91,60.11
1372,60.0,stable_evidence,positive,51.07,50.16,53.01,50.06
1373,90.0,stable_evidence,positive,48.62,48.48,48.96,48.42
1374,55.0,stable_evidence,ambiguous,50.69,47.74,52.96,51.38
1375,75.0,stable_evidence,positive,51.88,50.35,52.24,53.06
1376,57.0,Tm_wt,ambiguous,48.99,48.7,48.3,49.96
1377,65.0,inactivation_onset,positive,49.15,49.97,47.96,49.51
1378,60.0,stable_evidence,positive,48.39,49.08,47.14,48.95
1379,43.0,Tm,negative,51.28,50.95,52.28,50.59
1380,50.0,Tm,ambiguous,56.45,55.77,57.02,56.56
1381,60.0,stable_evidence,positive,50.03,49.26,50.25,50.57
1382,45.0,stable_evidence,negative,46.6,45.82,47.56,46.42
1383,60.0,inactivation_onset,positive,49.8,50.92,49.45,49.04
1384,40.0,stable_evidence,negative,49.73,49.04,50.39,49.76
1385,70.0,stable_evidence,positive,70.96,69.6,70.61,72.67
1386,85.0,stable_evidence,positive,51.08,52.01,50.82,50.42
1387,70.0,inactivation_onset,positive,50.75,51.99,52.34,47.93
1388,80.0,stable_evidence,positive,50.27,51.56,49.27,49.97
1389,70.0,stable_evidence,positive,51.88,51.89,52.59,51.15
1390,60.0,inactivation_onset,positive,55.39,57.17,55.63,53.38
1391,45.0,inactivation_onset,negative,50.18,49.55,51.05,49.94
1392,60.0,stable_evidence,positive,48.25,47.97,49.02,47.74
1393,50.0,stable_evidence,ambiguous,46.88,46.49,47.45,46.7
1394,60.0,inactivation_onset,positive,48.57,48.46,48.86,48.4
1395,50.0,stable_evidence,ambiguous,52.84,54.22,52.88,51.42
1396,40.0,stable_evidence,negative,51.17,52.33,50.89,50.29
1397,38.0,stable_evidence,negative,49.83,49.22,48.97,51.32
1398,70.0,stable_evidence,positive,51.12,52.09,51.26,50.0
1399,50.0,inactivation_onset,ambiguous,54.25,55.09,54.96,52.71
1400,40.0,stable_evidence,negative,50.98,51.46,52.34,49.13
1401,85.0,stable_evidence,positive,65.75,68.26,64.9,64.08
1402,40.0,stable_evidence,negative,49.89,50.37,49.9,49.4
1403,37.0,stable_evidence,negative,49.79,50.63,49.83,48.91
1404,88.0,Tm,positive,68.64,69.55,69.46,66.9
1405,60.0,inactivation_onset,positive,50.23,50.12,50.62,49.96
1406,45.0,stable_evidence,negative,49.64,49.43,50.7,48.79
1407,50.0,stable_evidence,ambiguous,48.98,49.89,48.54,48.52
1408,60.0,stable_evidence,positive,52.38,52.64,53.76,50.73
1409,50.0,stable_evidence,ambiguous,53.09,51.4,54.9,52.98
1410,80.0,stable_evidence,positive,64.3,63.65,64.14,65.13
1411,20.0,Tm,negative,54.24,52.08,56.76,53.87
1412,80.0,inactivation_onset,positive,62.84,63.47,61.51,63.55
1413,40.0,stable_evidence,negative,50.79,49.56,52.52,50.3
1414,50.0,stable_evidence,ambiguous,49.24,49.31,48.76,49.64
1415,50.0,inactivation_onset,ambiguous,50.11,49.79,50.42,50.12
1416,50.0,stable_evidence,ambiguous,50.61,50.81,49.57,51.44
1417,45.0,stable_evidence,negative,49.64,50.38,48.98,49.54
1418,70.0,stable_evidence,positive,54.47,54.95,54.1,54.37
1419,70.0,stable_evidence,positive,54.29,54.32,53.27,55.28
1420,55.0,stable_evidence,ambiguous,44.79,45.41,43.26,45.7
1421,37.0,stable_evidence,negative,56.43,54.74,58.08,56.46
1422,90.0,stable_evidence,positive,50.23,49.41,51.27,50.01
1423,45.0,inactivation_onset,negative,47.4,46.71,47.01,48.48
1424,45.0,stable_evidence,negative,51.06,49.88,52.15,51.16
1425,50.0,stable_evidence,ambiguous,53.42,54.66,51.78,53.81
1426,66.0,Tm_wt,positive,48.0,48.31,46.44,49.24
1427,80.0,stable_evidence,positive,49.52,50.24,48.83,49.47
1428,95.0,inactivation_onset,positive,72.84,75.31,71.75,71.45
1429,70.0,stable_evidence,positive,47.96,48.18,47.62,48.07
1430,80.0,inactivation_onset,positive,47.77,47.03,48.06,48.24
1431,65.0,stable_evidence,positive,55.92,57.54,54.27,55.96
1432,60.0,inactivation_onset,positive,46.99,45.75,46.92,48.3
1433,55.0,stable_evidence,ambiguous,47.8,46.96,48.39,48.05
1434,80.0,Tm,positive,53.95,54.08,53.61,54.18
1435,50.0,stable_evidence,ambiguous,45.5,45.52,44.74,46.25
1436,70.0,stable_evidence,positive,48.53,48.07,49.46,48.05
1437,95.0,stable_evidence,positive,56.52,56.8,55.07,57.69
1438,70.0,stable_evidence,positive,48.97,48.81,49.95,48.16
1439,70.0,stable_evidence,positive,50.15,47.38,51.15,51.93
1440,70.0,inactivation_onset,positive,45.5,45.52,44.74,46.25
1441,50.0,stable_evidence,ambiguous,54.18,54.57,52.5,55.47
1442,50.0,stable_evidence,ambiguous,46.26,44.75,45.74,48.3
1443,40.0,stable_evidence,negative,47.02,45.77,47.78,47.5
1444,70.0,stable_evidence,positive,50.85,51.88,50.2,50.46
1445,55.2,Tm,ambiguous,53.56,54.0,55.13,51.54
1446,60.0,stable_evidence,positive,56.34,57.32,56.26,55.44
1447,50.0,inactivation_onset,ambiguous,46.85,47.88,44.7,47.97
1448,40.0,stable_evidence,negative,50.86,50.11,51.62,50.86
1449,50.0,stable_evidence,ambiguous,51.5,53.1,51.63,49.76
1450,50.0,inactivation_onset,ambiguous,45.5,45.52,44.74,46.25
1451,80.0,inactivation_onset,positive,51.11,50.39,50.59,52.36
1452,70.0,inactivation_onset,positive,51.16,49.97,52.3,51.2
1453,80.5,Tm,positive,51.9,52.13,51.86,51.7
1454,30.0,stable_evidence,negative,47.92,48.35,47.57,47.85
1455,60.0,stable_evidence,positive,50.44,50.58,50.38,50.36
1456,50.0,stable_evidence,ambiguous,56.39,57.4,55.9,55.88
1457,55.0,inactivation_onset,ambiguous,48.32,48.7,47.59,48.67
1458,50.0,inactivation_onset,ambiguous,48.18,48.44,47.55,48.57
1459,70.0,stable_evidence,positive,52.89,52.59,53.33,52.74
1460,58.9,Tm_wt,ambiguous,48.9,48.92,49.12,48.65
1461,80.0,stable_evidence,positive,58.19,58.92,57.14,58.51
1462,55.0,stable_evidence,ambiguous,54.17,54.84,54.59,53.09
1463,50.0,stable_evidence,ambiguous,46.86,47.63,45.36,47.61
1464,60.0,stable_evidence,positive,53.29,54.32,52.37,53.16
1465,85.0,stable_evidence,positive,47.33,46.86,47.03,48.1
1466,70.0,stable_evidence,positive,48.38,48.57,48.43,48.14
1467,40.0,inactivation_onset,negative,50.71,51.52,50.6,50.0
1468,45.0,stable_evidence,negative,44.94,45.84,45.17,43.82
1469,50.0,stable_evidence,ambiguous,48.71,49.49,48.22,48.41
1470,30.0,inactivation_onset,negative,44.18,44.99,44.78,42.77
1471,55.0,stable_evidence,ambiguous,48.89,48.59,48.82,49.27
1472,26.9,inactivation_onset,negative,46.71,46.52,46.39,47.22
1473,35.0,stable_evidence,negative,46.6,45.97,46.83,47.0
1474,60.0,stable_evidence,positive,52.57,52.99,51.72,52.99
1475,45.0,stable_evidence,negative,46.6,45.97,46.83,47.0
1476,37.0,stable_evidence,negative,46.6,45.97,46.83,47.0
1477,30.0,stable_evidence,negative,50.44,50.96,50.6,49.78
1478,50.0,stable_evidence,ambiguous,48.87,49.64,48.6,48.38
1479,40.0,stable_evidence,negative,44.43,44.24,45.19,43.84
1480,50.0,stable_evidence,ambiguous,47.42,46.48,47.3,48.47
1481,50.0,stable_evidence,ambiguous,45.64,46.27,45.58,45.08
1482,25.0,inactivation_onset,negative,46.46,45.68,48.02,45.67
1483,51.2,Tm_wt,ambiguous,46.04,45.02,45.87,47.22
1484,50.0,stable_evidence,ambiguous,47.38,47.94,46.26,47.94
1485,95.0,inactivation_onset,positive,76.72,76.88,78.2,75.08
1486,40.0,stable_evidence,negative,52.0,51.45,51.17,53.36
1487,74.0,Tm,positive,49.04,49.61,49.01,48.5
1488,56.0,Tm,ambiguous,49.17,49.75,49.04,48.72
1489,37.0,Tm,negative,53.65,55.03,51.22,54.71
1490,80.0,stable_evidence,positive,72.59,72.28,73.33,72.15
1491,105.0,Tm,positive,74.93,75.64,75.07,74.08
1492,30.0,inactivation_onset,negative,51.13,51.0,51.26,51.14
1493,90.0,stable_evidence,positive,48.8,49.03,48.68,48.7
1494,60.0,inactivation_onset,positive,54.69,53.97,57.0,53.09
1495,70.0,Tm,positive,55.14,54.14,55.51,55.78
1496,70.0,inactivation_onset,positive,55.14,54.14,55.51,55.78
1497,51.0,inactivation_onset,ambiguous,49.84,50.59,48.81,50.13
1498,100.0,inactivation_onset,positive,49.61,50.2,48.58,50.05
1499,60.0,inactivation_onset,positive,51.41,51.14,51.35,51.75
1500,37.0,stable_evidence,negative,50.73,51.84,51.26,49.1
1501,50.0,stable_evidence,ambiguous,51.43,51.54,51.31,51.44
1502,60.0,stable_evidence,positive,46.23,46.02,47.0,45.66
1503,50.0,stable_evidence,ambiguous,46.49,45.97,46.97,46.53
1504,45.0,stable_evidence,negative,48.62,50.82,47.2,47.85
1505,45.0,stable_evidence,negative,62.57,62.89,62.16,62.65
1506,65.0,inactivation_onset,positive,57.53,54.71,58.23,59.64
1507,50.0,stable_evidence,ambiguous,50.06,49.26,50.5,50.42
1508,50.0,inactivation_onset,ambiguous,49.22,48.62,50.2,48.86
1509,95.0,stable_evidence,positive,61.22,61.6,60.72,61.35
1510,50.0,inactivation_onset,ambiguous,51.38,50.01,52.4,51.72
1511,50.0,inactivation_onset,ambiguous,50.06,49.34,49.61,51.25
1512,50.0,inactivation_onset,ambiguous,50.84,51.89,51.68,48.95
1513,80.0,stable_evidence,positive,64.26,61.44,64.9,66.43
1514,40.0,inactivation_onset,negative,44.49,45.13,44.31,44.03
1515,80.0,stable_evidence,positive,68.12,69.88,67.81,66.66
1516,70.0,stable_evidence,positive,80.75,77.87,83.6,80.79
1517,40.0,inactivation_onset,negative,44.15,45.06,43.4,44.01
1518,59.5,Tm,ambiguous,51.84,52.36,51.31,51.84
1519,73.2,Tm_wt,positive,49.68,50.54,49.11,49.39
1520,78.5,Tm,positive,49.68,50.54,49.11,49.39
1521,60.0,inactivation_onset,positive,63.15,63.86,62.2,63.39
1522,37.0,inactivation_onset,negative,44.16,43.88,43.99,44.61
1523,80.0,inactivation_onset,positive,75.38,78.08,74.46,73.61
1524,63.0,Tm_wt,positive,56.68,56.41,56.25,57.39
1525,90.0,stable_evidence,positive,68.71,70.89,68.54,66.68
1526,70.0,stable_evidence,positive,48.73,49.28,48.01,48.88
1527,50.0,stable_evidence,ambiguous,47.94,46.23,48.97,48.63
1528,80.0,stable_evidence,positive,50.3,52.1,49.57,49.24
1529,70.0,stable_evidence,positive,48.73,49.28,48.01,48.88
1530,60.0,stable_evidence,positive,49.38,48.37,50.26,49.52
1531,100.0,inactivation_onset,positive,77.68,79.89,77.98,75.16
1532,80.0,inactivation_onset,positive,75.62,77.97,75.24,73.64
1533,60.0,stable_evidence,positive,50.78,50.19,50.61,51.53
1534,50.0,inactivation_onset,ambiguous,53.09,52.15,52.11,55.02
1535,50.0,stable_evidence,ambiguous,45.46,46.25,45.3,44.82
1536,30.0,stable_evidence,negative,47.94,46.23,48.97,48.63
1537,60.0,inactivation_onset,positive,59.09,59.16,58.91,59.22
1538,60.0,stable_evidence,positive,63.1,62.87,64.58,61.83
1539,60.0,stable_evidence,positive,56.07,56.87,55.99,55.36
1540,50.0,inactivation_onset,ambiguous,46.87,47.47,46.52,46.61
1541,50.0,stable_evidence,ambiguous,43.97,44.09,43.42,44.41
1542,50.0,inactivation_onset,ambiguous,45.82,46.42,45.91,45.14
1543,25.0,inactivation_onset,negative,47.97,48.41,46.69,48.81
1544,80.0,stable_evidence,positive,50.3,52.1,49.57,49.24
1545,80.0,inactivation_onset,positive,81.64,82.51,82.57,79.83
1546,20.0,inactivation_onset,negative,47.8,47.87,48.11,47.42
1547,35.0,stable_evidence,negative,56.67,56.18,56.78,57.05
1548,45.0,stable_evidence,negative,60.32,60.36,62.13,58.48
1549,114.0,Tm_wt,positive,80.75,81.03,80.6,80.61
1550,55.0,stable_evidence,ambiguous,50.17,48.94,51.01,50.54
1551,100.0,stable_evidence,positive,71.84,71.68,70.89,72.94
1552,100.0,stable_evidence,positive,74.45,75.34,75.8,72.22
1553,30.0,stable_evidence,negative,47.76,47.84,48.41,47.01
1554,50.0,stable_evidence,ambiguous,54.99,54.67,54.04,56.27
1555,60.0,inactivation_onset,positive,57.51,57.97,57.36,57.2
1556,50.0,stable_evidence,ambiguous,54.71,56.39,53.86,53.89
1557,24.0,inactivation_onset,negative,43.76,44.34,43.84,43.1
1558,56.0,Tm,ambiguous,53.82,54.6,53.88,52.96
1559,45.0,inactivation_onset,negative,53.82,54.6,53.88,52.96
1560,60.4,Tm_wt,positive,57.26,56.7,57.17,57.9
1561,70.0,stable_evidence,positive,72.47,72.92,73.25,71.25
1562,70.0,stable_evidence,positive,75.31,75.6,75.76,74.58
1563,70.0,inactivation_onset,positive,69.45,69.1,70.63,68.61
1564,90.0,inactivation_onset,positive,83.23,85.69,83.65,80.35
1565,20.0,stable_evidence,negative,52.06,51.85,52.91,51.42
1566,75.0,stable_evidence,positive,79.89,80.64,80.35,78.67
1567,50.0,stable_evidence,ambiguous,51.97,52.38,50.95,52.58
1568,70.0,inactivation_onset,positive,72.29,69.86,74.77,72.24
1569,51.1,Tm,ambiguous,47.72,48.41,47.11,47.65
1570,30.0,inactivation_onset,negative,49.4,49.87,48.95,49.37
1571,95.0,inactivation_onset,positive,78.74,80.94,79.28,76.0
1572,81.0,Tm,positive,45.97,46.18,45.72,46.0
1573,80.0,stable_evidence,positive,83.06,83.71,82.36,83.13
1574,59.6,Tm,ambiguous,51.31,53.47,50.45,50.01
1575,45.0,stable_evidence,negative,52.0,52.95,51.73,51.32
1576,42.0,stable_evidence,negative,53.39,52.78,53.36,54.04
1577,30.0,stable_evidence,negative,51.76,49.95,52.11,53.23
1578,45.0,stable_evidence,negative,52.58,52.03,52.43,53.29
1579,40.0,stable_evidence,negative,45.83,46.98,46.02,44.49
1580,70.0,inactivation_onset,positive,53.36,52.92,52.78,54.38
1581,35.0,inactivation_onset,negative,43.86,44.01,43.3,44.28
1582,55.0,stable_evidence,ambiguous,48.18,47.94,50.11,46.5
1583,40.0,stable_evidence,negative,49.79,48.94,51.06,49.37
1584,65.0,stable_evidence,positive,51.75,53.01,51.18,51.07
1585,70.0,inactivation_onset,positive,54.5,56.8,52.41,54.29
1586,55.0,Tm_wt,ambiguous,57.33,55.57,59.5,56.93
1587,50.0,stable_evidence,ambiguous,45.05,43.73,45.63,45.79
1588,20.0,stable_evidence,negative,46.15,45.61,46.25,46.59
1589,51.0,Tm,ambiguous,47.83,47.52,47.91,48.07
1590,70.0,stable_evidence,positive,46.88,46.24,47.02,47.38
1591,22.0,inactivation_onset,negative,45.73,46.07,44.72,46.4
1592,45.0,stable_evidence,negative,50.07,49.71,50.26,50.24
1593,50.0,inactivation_onset,ambiguous,49.52,50.85,48.63,49.09
1594,50.0,inactivation_onset,ambiguous,51.24,52.22,51.86,49.64
1595,50.0,inactivation_onset,ambiguous,51.42,52.3,51.06,50.88
1596,50.0,inactivation_onset,ambiguous,52.37,52.82,52.69,51.61
1597,20.0,Tm,negative,51.36,51.7,53.16,49.23
1598,30.0,inactivation_onset,negative,48.88,47.97,49.71,48.97
1599,55.0,stable_evidence,ambiguous,52.92,53.31,53.25,52.2
1600,70.0,stable_evidence,positive,52.48,53.66,52.44,51.32
1601,60.0,Tm,positive,52.27,52.31,52.28,52.22
1602,60.0,inactivation_onset,positive,53.78,54.39,53.07,53.89
1603,80.0,inactivation_onset,positive,47.04,47.69,47.42,46.03
1604,55.0,Tm,ambiguous,51.71,52.85,51.02,51.26
1605,85.0,stable_evidence,positive,54.88,56.85,52.89,54.89
1606,65.0,stable_evidence,positive,56.34,59.34,54.17,55.52
1607,56.8,Tm,ambiguous,48.48,49.02,47.71,48.7
1608,41.5,Tm,negative,51.17,51.43,50.71,51.35
1609,94.1,Tm,positive,55.09,54.78,55.24,55.24
1610,51.0,Tm,ambiguous,52.97,52.72,51.65,54.52
1611,59.4,Tm,ambiguous,53.85,53.8,54.27,53.49
1612,60.0,inactivation_onset,positive,53.62,52.03,54.79,54.02
1613,95.0,stable_evidence,positive,82.11,82.81,82.85,80.69
1614,90.0,stable_evidence,positive,81.48,82.38,82.46,79.59
1615,51.0,Tm,ambiguous,51.73,51.85,51.18,52.17
1616,50.0,inactivation_onset,ambiguous,51.73,51.1,51.58,52.51
1617,45.0,stable_evidence,negative,43.22,42.8,42.9,43.96
1618,72.0,Tm,positive,53.74,54.42,53.53,53.28
1619,63.0,Tm,positive,56.57,57.32,56.11,56.27
1620,40.0,stable_evidence,negative,62.86,63.87,61.16,63.55
1621,85.0,stable_evidence,positive,78.13,77.12,77.59,79.67
1622,85.0,stable_evidence,positive,78.43,78.51,77.52,79.25
1623,30.0,inactivation_onset,negative,48.78,49.07,49.61,47.65
1624,30.0,stable_evidence,negative,56.15,57.98,56.45,54.02
1625,55.0,inactivation_onset,ambiguous,60.19,56.24,62.38,61.96
1626,60.0,stable_evidence,positive,53.47,53.15,53.23,54.04
1627,30.0,inactivation_onset,negative,52.04,52.11,52.36,51.64
1628,64.5,Tm,positive,47.29,48.62,46.06,47.17
1629,60.0,inactivation_onset,positive,53.02,53.06,52.2,53.79
1630,56.0,Tm,ambiguous,49.48,50.47,49.4,48.56
1631,40.0,stable_evidence,negative,51.43,52.6,49.89,51.8
1632,50.0,stable_evidence,ambiguous,61.86,62.51,62.15,60.94
1633,55.0,stable_evidence,ambiguous,51.11,52.57,50.1,50.65
1634,50.0,stable_evidence,ambiguous,52.18,51.85,51.38,53.32
1635,40.0,stable_evidence,negative,55.93,54.9,55.76,57.14
1636,80.0,stable_evidence,positive,59.37,58.74,58.45,60.91
1637,60.0,inactivation_onset,positive,87.37,88.32,88.95,84.85
1638,60.0,stable_evidence,positive,42.43,42.69,41.96,42.64
1639,60.0,inactivation_onset,positive,47.66,47.69,47.9,47.39
1640,65.0,stable_evidence,positive,52.04,51.55,52.26,52.3
1641,50.0,stable_evidence,ambiguous,61.86,62.51,62.15,60.94
1642,104.0,Tm_wt,positive,71.28,71.6,70.41,71.83
1643,40.0,inactivation_onset,negative,51.43,52.6,49.89,51.8
1644,80.0,inactivation_onset,positive,50.5,50.46,51.45,49.6
1645,90.0,stable_evidence,positive,50.71,51.55,49.16,51.43
1646,40.0,stable_evidence,negative,54.6,54.81,54.83,54.16
1647,50.0,stable_evidence,ambiguous,43.03,45.06,42.48,41.55
1648,37.0,inactivation_onset,negative,48.35,48.49,48.07,48.5
1649,70.0,stable_evidence,positive,51.44,50.65,50.83,52.84
1650,40.0,inactivation_onset,negative,46.32,47.46,45.79,45.72
1651,50.0,stable_evidence,ambiguous,58.45,55.83,59.68,59.84
1652,46.8,Tm_wt,ambiguous,66.28,65.28,68.27,65.28
1653,50.0,stable_evidence,ambiguous,73.66,76.17,72.47,72.35
1654,45.0,stable_evidence,negative,63.54,62.21,64.09,64.33
1655,30.0,stable_evidence,negative,67.28,67.6,67.95,66.3
1656,45.0,stable_evidence,negative,75.39,75.94,76.01,74.23
1657,37.0,inactivation_onset,negative,46.2,45.8,45.93,46.86
1658,30.0,inactivation_onset,negative,47.43,48.29,47.34,46.65
1659,37.0,inactivation_onset,negative,62.58,61.07,60.89,65.79
1660,45.0,inactivation_onset,negative,59.86,58.74,60.28,60.55
1661,70.0,stable_evidence,positive,51.76,52.07,51.91,51.3
1662,35.0,stable_evidence,negative,54.25,53.08,54.66,55.01
1663,66.7,Tm,positive,53.1,54.39,51.75,53.15
1664,40.0,inactivation_onset,negative,48.36,48.76,49.1,47.23
1665,58.5,Tm_wt,ambiguous,54.57,53.68,53.0,57.03
1666,60.0,stable_evidence,positive,54.52,57.04,54.26,52.25
1667,40.0,inactivation_onset,negative,51.65,51.95,50.96,52.04
1668,62.5,Tm_wt,positive,43.78,41.87,43.18,46.29
1669,55.0,stable_evidence,ambiguous,48.46,48.26,47.82,49.31
1670,35.0,stable_evidence,negative,47.37,47.65,47.13,47.32
1671,40.0,stable_evidence,negative,58.26,59.58,58.42,56.78
1672,90.0,stable_evidence,positive,57.36,57.04,56.63,58.42
1673,40.0,inactivation_onset,negative,45.22,45.03,45.27,45.35
1674,50.0,inactivation_onset,ambiguous,53.36,53.03,54.49,52.56
1675,56.0,Tm,ambiguous,52.87,53.86,52.94,51.82
1676,37.0,stable_evidence,negative,51.76,51.22,52.27,51.77
1677,90.0,stable_evidence,positive,75.07,75.08,75.84,74.27
1678,50.0,stable_evidence,ambiguous,46.24,46.16,45.85,46.72
1679,60.0,Tm_wt,positive,63.41,64.54,62.11,63.57
1680,72.0,inactivation_onset,positive,53.98,54.38,53.45,54.1
1681,55.0,stable_evidence,ambiguous,49.97,48.18,51.36,50.37
1682,70.0,stable_evidence,positive,71.28,71.6,70.41,71.83
1683,60.0,stable_evidence,positive,53.14,52.92,52.9,53.59
1684,55.0,stable_evidence,ambiguous,50.15,48.45,51.28,50.73
1685,35.0,inactivation_onset,negative,54.81,51.72,54.28,58.43
1686,40.0,stable_evidence,negative,51.71,50.9,53.64,50.59
1687,40.0,stable_evidence,negative,54.14,52.84,54.24,55.36
1688,60.0,inactivation_onset,positive,52.29,52.75,51.97,52.17
1689,25.0,stable_evidence,negative,83.09,86.98,81.97,80.33
1690,37.0,inactivation_onset,negative,45.59,45.64,43.96,47.16
1691,87.0,Tm,positive,57.74,58.0,56.99,58.23
1692,65.0,inactivation_onset,positive,49.74,51.59,48.66,48.97
1693,95.0,inactivation_onset,positive,78.46,80.02,79.7,75.66
1694,85.0,stable_evidence,positive,75.6,76.33,77.41,73.06
1695,70.0,inactivation_onset,positive,79.61,81.61,80.1,77.12
1696,40.0,stable_evidence,negative,46.21,45.15,46.29,47.21
1697,95.0,stable_evidence,positive,47.89,47.34,47.48,48.85
1698,95.0,stable_evidence,positive,77.37,76.4,77.77,77.94
1699,95.0,inactivation_onset,positive,58.78,56.32,58.45,61.58
1700,84.0,Tm,positive,57.25,57.7,56.54,57.5
1701,35.0,Tm,negative,54.08,53.86,54.44,53.94
1702,112.0,Tm,positive,74.58,73.24,73.08,77.41
1703,70.0,stable_evidence,positive,51.12,51.01,52.23,50.12
1704,85.0,stable_evidence,positive,75.6,76.33,77.41,73.06
1705,45.0,stable_evidence,negative,52.47,52.83,52.31,52.27
1706,30.0,Tm,negative,54.63,53.68,55.49,54.7
1707,70.0,stable_evidence,positive,71.78,71.1,71.54,72.7
1708,59.0,Tm,ambiguous,54.75,53.79,54.52,55.93
1709,45.0,inactivation_onset,negative,53.97,53.68,54.14,54.09
1710,50.0,stable_evidence,ambiguous,64.46,64.6,64.08,64.7
1711,45.0,inactivation_onset,negative,45.18,44.84,45.68,45.01
1712,42.0,stable_evidence,negative,46.57,45.02,46.84,47.86
1713,66.5,Tm,positive,51.41,51.42,50.26,52.55
1714,70.0,Tm,positive,49.95,50.43,49.65,49.76
1715,65.0,Tm,positive,49.74,50.3,48.93,50.0
1716,60.0,inactivation_onset,positive,58.05,57.5,58.93,57.72
1717,40.0,stable_evidence,negative,50.68,50.37,50.72,50.96
1718,37.0,inactivation_onset,negative,56.27,56.4,57.78,54.65
1719,37.0,stable_evidence,negative,58.81,57.33,60.49,58.62
1720,90.0,inactivation_onset,positive,78.4,79.12,78.82,77.27
1721,60.3,inactivation_onset,positive,52.95,53.07,52.84,52.94
1722,60.0,inactivation_onset,positive,53.54,52.92,54.2,53.5
1723,40.0,stable_evidence,negative,47.06,46.72,46.98,47.47
1724,90.0,inactivation_onset,positive,78.4,79.12,78.82,77.27
1725,35.0,inactivation_onset,negative,52.51,50.76,53.14,53.62
1726,90.0,stable_evidence,positive,63.02,63.99,64.31,60.76
1727,65.8,Tm_wt,positive,46.12,46.82,46.01,45.55
1728,60.0,stable_evidence,positive,55.44,54.87,54.94,56.5
1729,80.0,inactivation_onset,positive,51.61,51.3,51.6,51.93
1730,36.0,inactivation_onset,negative,47.59,47.17,48.04,47.57
1731,50.0,inactivation_onset,ambiguous,46.36,45.78,46.61,46.69
1732,50.0,inactivation_onset,ambiguous,48.84,49.83,48.73,47.95
1733,50.0,inactivation_onset,ambiguous,47.89,48.18,47.22,48.26
1734,50.0,inactivation_onset,ambiguous,52.12,53.21,51.74,51.4
1735,90.0,inactivation_onset,positive,78.4,79.12,78.82,77.27
1736,100.0,stable_evidence,positive,74.28,76.05,74.53,72.27
1737,50.0,inactivation_onset,ambiguous,49.97,49.83,50.26,49.83
1738,60.0,inactivation_onset,positive,45.41,44.33,46.35,45.56
1739,40.0,stable_evidence,negative,50.68,50.37,50.72,50.96
1740,50.0,stable_evidence,ambiguous,46.33,46.2,46.27,46.52
1741,90.0,Tm_wt,positive,70.71,71.25,71.14,69.74
1742,36.0,inactivation_onset,negative,60.23,61.56,62.18,56.96
1743,85.0,stable_evidence,positive,70.79,73.55,70.54,68.26
1744,40.0,inactivation_onset,negative,55.02,54.63,55.17,55.26
1745,75.0,inactivation_onset,positive,72.84,74.2,72.27,72.05
1746,100.0,inactivation_onset,positive,73.44,73.47,73.3,73.57
1747,50.0,inactivation_onset,ambiguous,48.57,47.78,48.78,49.13
1748,30.0,stable_evidence,negative,57.59,57.01,58.59,57.17
1749,30.0,stable_evidence,negative,48.53,49.22,46.95,49.41
1750,61.0,Tm_wt,positive,43.08,42.24,43.83,43.17
1751,30.0,inactivation_onset,negative,59.31,60.33,59.31,58.29
1752,76.0,Tm,positive,48.52,49.18,49.41,46.97
1753,50.0,stable_evidence,ambiguous,50.35,50.97,49.94,50.14
1754,40.0,stable_evidence,negative,48.9,48.35,50.46,47.9
1755,20.0,inactivation_onset,negative,46.22,45.98,46.7,45.99
1756,30.0,inactivation_onset,negative,60.94,61.88,59.79,61.15
1757,80.0,stable_evidence,positive,86.59,86.8,86.13,86.84
1758,47.0,Tm_wt,ambiguous,49.57,49.34,50.13,49.24
1759,30.0,inactivation_onset,negative,49.56,49.42,49.68,49.59
1760,54.0,Tm_wt,ambiguous,51.23,50.68,52.75,50.26
1761,65.0,inactivation_onset,positive,51.47,51.26,51.6,51.56
1762,45.9,stable_evidence,ambiguous,53.39,52.56,52.83,54.78
1763,100.0,stable_evidence,positive,81.04,81.7,82.75,78.66
1764,65.0,Tm,positive,51.99,51.75,52.35,51.88
1765,50.0,inactivation_onset,ambiguous,58.64,58.05,58.95,58.92
1766,100.0,stable_evidence,positive,77.22,77.63,78.61,75.42
1767,90.0,stable_evidence,positive,58.95,60.39,56.83,59.61
1768,80.0,stable_evidence,positive,65.49,66.33,66.05,64.09
1769,40.0,stable_evidence,negative,46.35,45.84,45.31,47.89
1770,50.0,stable_evidence,ambiguous,57.89,60.08,58.27,55.31
1771,90.0,stable_evidence,positive,50.37,50.83,49.17,51.1
1772,90.0,stable_evidence,positive,49.41,48.27,49.35,50.61
1773,20.0,inactivation_onset,negative,46.83,45.85,46.69,47.97
1774,80.0,Tm,positive,48.15,46.7,48.83,48.93
1775,60.0,stable_evidence,positive,62.9,62.42,62.94,63.35
1776,60.0,stable_evidence,positive,67.75,66.85,70.1,66.29
1777,25.0,inactivation_onset,negative,54.71,53.29,56.64,54.21
1778,50.0,inactivation_onset,ambiguous,72.1,73.65,72.74,69.9
1779,40.0,stable_evidence,negative,58.9,59.09,59.86,57.75
1780,30.0,inactivation_onset,negative,46.73,46.2,47.12,46.87
1781,45.0,inactivation_onset,negative,46.1,44.83,46.34,47.14
1782,60.0,stable_evidence,positive,47.21,46.7,48.48,46.44
1783,65.0,Tm,positive,47.33,47.68,48.06,46.25
1784,77.5,Tm,positive,46.33,45.38,47.73,45.88
1785,45.0,stable_evidence,negative,53.99,53.79,53.44,54.73
1786,20.0,Tm_wt,negative,53.3,52.93,54.08,52.89
1787,30.0,stable_evidence,negative,54.01,52.41,55.44,54.18
1788,26.0,Tm,negative,43.02,43.33,42.6,43.12
1789,25.0,inactivation_onset,negative,45.95,45.35,46.21,46.28
1790,90.0,stable_evidence,positive,54.03,54.79,52.74,54.55
1791,90.0,stable_evidence,positive,67.44,66.21,66.36,69.75
1792,71.9,Tm,positive,52.24,51.7,52.11,52.92
1793,40.0,inactivation_onset,negative,65.35,67.27,65.05,63.72
1794,30.0,Tm,negative,55.32,56.3,56.12,53.55
1795,65.0,stable_evidence,positive,50.24,48.63,51.28,50.81
1796,80.0,inactivation_onset,positive,48.9,48.57,48.54,49.57
1797,35.0,inactivation_onset,negative,50.05,50.76,50.05,49.34
1798,30.0,inactivation_onset,negative,50.16,50.68,49.75,50.03
1799,80.0,stable_evidence,positive,48.58,46.6,49.07,50.07
1800,70.0,stable_evidence,positive,74.19,76.47,73.11,73.0
1801,45.0,stable_evidence,negative,48.8,47.97,49.48,48.97
1802,100.0,inactivation_onset,positive,82.12,83.27,82.29,80.81
1803,42.0,stable_evidence,negative,45.58,45.47,45.21,46.06
1804,27.0,inactivation_onset,negative,50.3,49.97,50.61,50.31
1805,40.0,stable_evidence,negative,56.6,56.27,56.3,57.24
1806,71.3,Tm_wt,positive,61.36,60.61,62.07,61.41
1807,50.0,inactivation_onset,ambiguous,54.2,53.69,54.66,54.26
1808,50.0,inactivation_onset,ambiguous,54.14,53.29,54.21,54.92
1809,30.0,inactivation_onset,negative,55.7,55.54,56.08,55.47
1810,55.0,Tm_wt,ambiguous,56.42,55.28,55.44,58.54
1811,60.0,stable_evidence,positive,59.62,61.12,58.97,58.78
1812,50.0,stable_evidence,ambiguous,52.5,53.68,53.18,50.65
1813,60.0,stable_evidence,positive,52.37,53.93,49.81,53.36
1814,35.0,stable_evidence,negative,47.06,47.07,46.21,47.91
1815,50.0,stable_evidence,ambiguous,53.63,53.66,53.69,53.54
1816,40.0,stable_evidence,negative,51.54,51.84,51.27,51.52
1817,40.0,inactivation_onset,negative,55.93,55.58,56.82,55.4
1818,40.0,stable_evidence,negative,51.88,51.55,52.24,51.85
1819,45.0,stable_evidence,negative,46.48,46.72,46.03,46.71
1820,25.0,inactivation_onset,negative,51.97,51.53,52.55,51.84
1821,75.6,Tm_wt,positive,46.62,45.71,47.14,47.02
1822,80.0,stable_evidence,positive,51.28,52.0,51.38,50.47
1823,70.0,stable_evidence,positive,50.09,49.62,50.39,50.27
1824,60.0,inactivation_onset,positive,51.08,52.82,51.41,49.02
1825,70.0,stable_evidence,positive,52.36,53.09,50.9,53.08
1826,40.0,inactivation_onset,negative,50.69,50.52,50.91,50.64
1827,60.0,stable_evidence,positive,53.02,52.59,53.79,52.68
1828,55.0,stable_evidence,ambiguous,50.21,51.72,49.52,49.4
1829,52.0,Tm_wt,ambiguous,51.95,52.17,49.45,54.23
1830,60.0,inactivation_onset,positive,48.41,48.96,48.4,47.87
1831,59.0,inactivation_onset,ambiguous,52.37,53.93,49.81,53.36
1832,86.0,Tm,positive,52.21,51.63,51.85,53.15
1833,30.0,inactivation_onset,negative,53.23,52.83,53.32,53.55
1834,30.0,stable_evidence,negative,48.0,48.21,48.41,47.38
1835,60.0,stable_evidence,positive,48.84,48.41,48.12,49.99
1836,40.0,stable_evidence,negative,53.3,51.98,53.02,54.89
1837,45.0,inactivation_onset,negative,48.41,48.96,48.4,47.87
1838,25.0,inactivation_onset,negative,52.77,53.93,52.09,52.29
1839,55.0,inactivation_onset,ambiguous,54.73,54.36,54.63,55.19
1840,60.0,stable_evidence,positive,56.08,56.7,54.47,57.06
1841,40.0,stable_evidence,negative,46.74,46.98,46.35,46.87
1842,60.0,inactivation_onset,positive,47.25,47.14,46.56,48.04
1843,40.0,stable_evidence,negative,48.22,47.92,48.32,48.42
1844,40.0,stable_evidence,negative,51.54,51.84,51.27,51.52
1845,60.0,stable_evidence,positive,44.15,43.69,44.19,44.58
1846,50.0,inactivation_onset,ambiguous,59.54,58.81,58.09,61.71
1847,40.0,inactivation_onset,negative,55.93,55.58,56.82,55.4
1848,30.0,stable_evidence,negative,53.63,53.66,53.69,53.54
1849,37.0,Tm,negative,43.95,43.58,44.24,44.02
1850,50.0,stable_evidence,ambiguous,53.63,53.66,53.69,53.54
1851,35.0,stable_evidence,negative,47.06,47.07,46.21,47.91
1852,75.0,stable_evidence,positive,46.53,46.0,46.29,47.3
1853,25.0,inactivation_onset,negative,47.42,47.31,48.08,46.86
1854,52.0,Tm,ambiguous,47.75,47.7,47.97,47.58
1855,50.0,stable_evidence,ambiguous,50.8,50.47,50.79,51.15
1856,60.0,Tm,positive,49.08,47.79,50.22,49.24
1857,45.0,inactivation_onset,negative,50.17,51.3,49.86,49.35
1858,93.0,inactivation_onset,positive,70.17,70.31,70.52,69.68
1859,93.0,Tm_wt,positive,83.68,83.81,85.72,81.52
1860,80.0,inactivation_onset,positive,75.65,77.53,75.41,74.02
1861,45.0,stable_evidence,negative,46.68,46.19,46.91,46.93
1862,40.0,stable_evidence,negative,47.75,48.74,47.96,46.56
1863,50.0,stable_evidence,ambiguous,54.13,53.46,55.29,53.64
1864,57.0,inactivation_onset,ambiguous,51.99,55.31,49.67,51.01
1865,30.0,stable_evidence,negative,54.14,54.64,53.46,54.32
1866,47.0,Tm_wt,ambiguous,61.45,61.67,61.47,61.2
1867,46.5,Tm,ambiguous,56.15,56.75,55.33,56.35
1868,90.0,stable_evidence,positive,77.49,79.62,77.3,75.56
1869,90.0,inactivation_onset,positive,72.19,73.7,68.92,73.93
1870,50.0,stable_evidence,ambiguous,58.8,58.89,58.93,58.58
1871,56.0,inactivation_onset,ambiguous,55.11,56.31,55.59,53.43
1872,42.0,inactivation_onset,negative,51.12,51.57,51.5,50.29
1873,70.0,stable_evidence,positive,48.57,47.64,49.22,48.86
1874,45.0,stable_evidence,negative,49.39,49.51,49.17,49.49
1875,80.0,inactivation_onset,positive,53.1,53.76,52.32,53.22
1876,70.0,stable_evidence,positive,63.42,62.74,64.49,63.04
1877,40.0,stable_evidence,negative,54.72,52.8,56.83,54.53
1878,30.0,inactivation_onset,negative,55.36,54.54,55.46,56.09
1879,64.4,Tm_wt,positive,48.48,47.11,48.71,49.63
1880,78.0,Tm,positive,48.13,47.27,47.11,50.0
1881,52.0,Tm_wt,ambiguous,50.57,51.2,50.68,49.82
1882,90.0,stable_evidence,positive,50.25,51.45,50.2,49.11
1883,40.0,inactivation_onset,negative,51.24,51.29,51.15,51.29
1884,20.0,stable_evidence,negative,48.69,49.03,48.89,48.14
1885,30.0,stable_evidence,negative,56.94,57.03,57.2,56.6
1886,50.0,stable_evidence,ambiguous,52.02,53.14,51.36,51.55
1887,50.0,inactivation_onset,ambiguous,51.24,51.18,50.74,51.8
1888,90.0,stable_evidence,positive,77.92,78.74,77.96,77.07
1889,95.0,inactivation_onset,positive,66.3,64.39,65.55,68.98
1890,30.0,stable_evidence,negative,56.72,53.75,58.8,57.61
1891,60.0,stable_evidence,positive,77.28,79.01,77.71,75.12
1892,80.0,inactivation_onset,positive,79.88,80.68,81.75,77.2
1893,60.0,inactivation_onset,positive,82.64,83.45,85.08,79.4
1894,80.0,stable_evidence,positive,77.93,79.65,77.98,76.16
1895,75.0,stable_evidence,positive,78.21,80.45,78.25,75.94
1896,90.0,stable_evidence,positive,77.92,78.74,77.96,77.07
1897,60.0,stable_evidence,positive,50.58,50.48,51.55,49.73
1898,60.0,inactivation_onset,positive,45.61,45.26,45.79,45.78
1899,40.0,stable_evidence,negative,46.38,46.5,45.16,47.48
1900,50.0,stable_evidence,ambiguous,49.6,48.45,49.88,50.46
1901,80.0,stable_evidence,positive,52.93,53.93,51.85,53.0
1902,83.9,Tm_wt,positive,52.24,51.02,51.78,53.9
1903,80.0,stable_evidence,positive,73.12,71.79,73.72,73.85
1904,70.0,inactivation_onset,positive,48.29,46.7,48.89,49.28
1905,30.0,stable_evidence,negative,49.49,49.38,50.02,49.08
1906,30.0,stable_evidence,negative,47.47,47.51,46.92,47.97
1907,60.0,stable_evidence,positive,72.47,75.76,70.43,71.23
1908,45.0,stable_evidence,negative,46.65,47.65,45.94,46.35
1909,50.0,stable_evidence,ambiguous,52.98,53.33,51.88,53.71
1910,50.0,stable_evidence,ambiguous,51.88,51.56,51.64,52.45
1911,92.2,Tm,positive,58.47,58.64,56.55,60.23
1912,30.0,stable_evidence,negative,50.44,49.94,50.34,51.03
1913,86.7,Tm,positive,54.81,55.0,52.68,56.75
1914,80.0,stable_evidence,positive,60.57,61.29,59.46,60.97
1915,40.0,stable_evidence,negative,53.25,53.81,52.17,53.75
1916,45.0,stable_evidence,negative,46.35,46.75,46.07,46.22
1917,50.0,stable_evidence,ambiguous,54.98,54.33,55.72,54.9
1918,60.0,stable_evidence,positive,72.71,77.17,69.6,71.37
1919,50.0,stable_evidence,ambiguous,58.87,57.57,60.14,58.9
1920,60.0,stable_evidence,positive,74.33,72.82,75.7,74.48
1921,90.0,stable_evidence,positive,73.08,74.0,73.03,72.22
1922,50.0,inactivation_onset,ambiguous,48.72,47.55,49.03,49.58
1923,64.4,Tm,positive,56.93,55.94,58.17,56.68
1924,25.0,inactivation_onset,negative,50.84,51.0,49.98,51.55
1925,55.0,inactivation_onset,ambiguous,55.36,55.01,56.6,54.47
1926,50.0,inactivation_onset,ambiguous,60.94,62.39,62.23,58.19
1927,40.0,inactivation_onset,negative,63.85,61.46,66.86,63.22
1928,40.0,stable_evidence,negative,54.12,52.87,54.2,55.28
1929,40.0,stable_evidence,negative,54.12,52.87,54.2,55.28
1930,90.0,stable_evidence,positive,73.08,74.0,73.03,72.22
1931,50.0,stable_evidence,ambiguous,58.87,57.57,60.14,58.9
1932,45.0,stable_evidence,negative,53.73,52.96,54.57,53.66
1933,51.0,Tm,ambiguous,49.11,48.87,48.87,49.59
1934,90.0,inactivation_onset,positive,61.41,59.91,63.46,60.87
1935,104.0,inactivation_onset,positive,72.28,71.31,72.16,73.37
1936,60.0,Tm_wt,positive,48.43,48.49,48.64,48.16
1937,74.6,inactivation_onset,positive,63.27,63.73,63.34,62.74
1938,50.0,stable_evidence,ambiguous,50.51,50.36,48.75,52.41
1939,65.0,inactivation_onset,positive,51.27,48.15,53.32,52.36
1940,70.0,stable_evidence,positive,56.16,58.6,55.74,54.15
1941,70.0,inactivation_onset,positive,57.97,61.81,57.39,54.69
1942,70.0,inactivation_onset,positive,54.54,53.96,54.05,55.6
1943,30.0,inactivation_onset,negative,53.0,53.46,51.68,53.86
1944,60.0,inactivation_onset,positive,68.22,69.4,68.33,66.92
1945,72.8,Tm,positive,59.7,59.28,59.69,60.14
1946,80.0,stable_evidence,positive,71.7,72.41,71.87,70.84
1947,30.0,inactivation_onset,negative,52.06,51.89,53.17,51.13
1948,60.0,inactivation_onset,positive,55.83,55.69,56.45,55.34
1949,30.0,stable_evidence,negative,48.63,48.15,49.26,48.47
1950,60.0,stable_evidence,positive,48.49,48.12,48.18,49.18
1951,65.0,stable_evidence,positive,59.16,58.05,59.51,59.91
1952,60.0,stable_evidence,positive,49.27,48.01,49.04,50.77
1953,70.0,stable_evidence,positive,52.57,51.39,52.56,53.77
1954,45.0,stable_evidence,negative,52.59,52.79,52.19,52.8
1955,60.0,stable_evidence,positive,57.68,58.23,56.59,58.23
1956,65.0,inactivation_onset,positive,57.32,57.71,55.85,58.4
1957,60.0,inactivation_onset,positive,52.47,51.99,53.76,51.65
1958,75.0,stable_evidence,positive,52.61,51.39,53.7,52.76
1959,99.0,inactivation_onset,positive,70.91,72.04,70.65,70.05
1960,85.0,inactivation_onset,positive,51.03,50.81,52.29,49.99
1961,75.0,inactivation_onset,positive,63.62,64.56,62.52,63.78
1962,75.0,inactivation_onset,positive,63.2,63.11,62.56,63.94
1963,50.0,inactivation_onset,ambiguous,63.82,65.51,62.66,63.28
1964,30.0,inactivation_onset,negative,69.43,70.08,69.53,68.67
1965,55.0,inactivation_onset,ambiguous,59.64,62.85,56.53,59.53
1966,70.0,inactivation_onset,positive,54.54,53.96,54.05,55.6
1967,30.0,stable_evidence,negative,47.83,47.13,47.48,48.89
1968,86.0,Tm,positive,58.75,58.33,59.51,58.4
1969,65.0,inactivation_onset,positive,77.65,77.96,78.22,76.77
1970,100.0,Tm,positive,85.93,87.55,85.99,84.24
1971,98.0,Tm_wt,positive,63.54,59.94,67.09,63.59
1972,50.0,stable_evidence,ambiguous,51.32,51.53,49.26,53.16
1973,50.0,stable_evidence,ambiguous,50.53,51.46,48.39,51.76
1974,50.0,stable_evidence,ambiguous,50.22,50.86,48.06,51.73
1975,50.0,stable_evidence,ambiguous,50.13,50.12,48.74,51.55
1976,50.0,stable_evidence,ambiguous,50.86,51.76,49.39,51.44
1977,50.0,stable_evidence,ambiguous,50.15,50.87,47.51,52.08
1978,50.0,stable_evidence,ambiguous,51.47,53.12,48.92,52.37
1979,50.0,stable_evidence,ambiguous,51.38,52.88,49.44,51.8
1980,50.0,stable_evidence,ambiguous,50.62,51.63,48.85,51.4
1981,50.0,stable_evidence,ambiguous,49.44,49.96,47.88,50.47
1982,50.0,stable_evidence,ambiguous,50.23,50.44,48.49,51.76
1983,60.0,stable_evidence,positive,56.5,55.62,57.14,56.73
1984,100.0,inactivation_onset,positive,79.27,81.19,79.82,76.8
1985,43.0,Tm,negative,50.23,50.34,50.15,50.19
1986,43.0,Tm,negative,51.49,51.85,51.34,51.29
1987,73.0,Tm,positive,46.62,46.57,47.62,45.66
1988,65.0,stable_evidence,positive,51.08,50.04,52.52,50.69
1989,50.0,stable_evidence,ambiguous,50.93,50.11,52.09,50.58
1990,22.0,stable_evidence,negative,51.94,50.94,52.27,52.61
1991,50.0,stable_evidence,ambiguous,51.67,51.13,51.63,52.25
1992,45.0,inactivation_onset,negative,51.89,53.56,51.53,50.59
1993,30.0,inactivation_onset,negative,52.12,52.46,51.29,52.6
1994,60.0,stable_evidence,positive,51.53,51.33,50.96,52.31
1995,20.0,inactivation_onset,negative,51.78,51.72,51.28,52.35
1996,95.0,stable_evidence,positive,67.3,67.82,68.37,65.7
1997,75.0,stable_evidence,positive,63.55,63.26,63.76,63.62
1998,60.8,Tm_wt,positive,65.3,64.08,65.33,66.48
1999,85.0,inactivation_onset,positive,65.91,66.24,67.11,64.39
2000,60.0,stable_evidence,positive,83.56,82.89,84.0,83.77
2001,55.0,stable_evidence,ambiguous,63.57,62.95,64.31,63.44
2002,50.0,stable_evidence,ambiguous,61.67,62.02,61.17,61.8
2003,75.0,stable_evidence,positive,61.73,63.82,61.04,60.33
2004,45.0,stable_evidence,negative,60.16,59.6,61.45,59.43
2005,80.0,stable_evidence,positive,84.77,84.79,84.25,85.28
2006,40.0,stable_evidence,negative,51.02,50.67,50.66,51.73
2007,55.0,inactivation_onset,ambiguous,55.02,55.02,55.49,54.54
2008,55.0,stable_evidence,ambiguous,61.6,62.03,61.13,61.63
2009,85.0,Tm,positive,51.2,51.23,50.76,51.61
2010,75.0,stable_evidence,positive,53.21,52.73,57.13,49.76
2011,90.0,inactivation_onset,positive,58.96,60.79,57.29,58.81
2012,80.0,stable_evidence,positive,60.24,57.31,59.6,63.8
2013,98.0,stable_evidence,positive,81.73,83.61,80.67,80.91
2014,65.0,stable_evidence,positive,56.51,55.14,57.25,57.14
2015,82.0,Tm,positive,43.98,44.53,44.59,42.83
2016,60.0,inactivation_onset,positive,78.41,78.03,78.61,78.59
2017,90.0,inactivation_onset,positive,77.86,77.17,77.83,78.57
2018,40.0,stable_evidence,negative,48.26,49.64,47.4,47.73
2019,60.0,stable_evidence,positive,53.21,53.11,54.2,52.33
2020,78.0,inactivation_onset,positive,63.02,63.96,61.18,63.92
2021,45.0,inactivation_onset,negative,52.91,52.82,53.66,52.25
2022,40.0,stable_evidence,negative,61.11,60.74,60.58,62.02
2023,80.0,inactivation_onset,positive,82.18,83.0,82.51,81.05
2024,30.0,inactivation_onset,negative,55.58,55.35,56.17,55.22
2025,37.0,stable_evidence,negative,51.95,53.05,51.55,51.24
2026,50.0,inactivation_onset,ambiguous,65.72,64.07,65.26,67.84
2027,50.0,inactivation_onset,ambiguous,65.72,64.07,65.26,67.84
2028,80.0,inactivation_onset,positive,73.66,73.96,73.89,73.12
2029,90.0,inactivation_onset,positive,76.41,76.96,77.5,74.78
2030,100.0,inactivation_onset,positive,80.88,81.2,81.22,80.22
2031,95.0,inactivation_onset,positive,81.28,83.83,81.74,78.28
2032,20.0,inactivation_onset,negative,50.86,49.28,51.98,51.32
2033,90.0,Tm,positive,47.41,47.22,47.29,47.72
